Naziv;Kolicina;Cena stavke
PVC cev fi 200/2000;3;2691.53
PVC cev fi 200/1000;3;1403.43
PVC luk fi 200/90;2;1576.49
PVC luk fi 200/45;0;1576.49
Keramički prelaz fi 200;0;5940
PVC klizna spojka fi 200 ;0;848.88
Kudelja - 100 gr;1;145
Rezna ploča 125 mm;3;123.2
Kalijev sapun (kutija od 0,75 kg);1;342
LG prelaz fi 110;1;1485
PVC cev fi 110/500;4;225.99
PVC cev fi 110/250;1;133.87
PVC klizna spojka fi 110;1;281.89
Prelazna guma fi 110;2;113
Pocinkovana cev fi 5/4;3;907
Pocinkovani T-komad fi 5/4;1;252
Pocinkovana redukcija 5/4-1/2;1;129.9
Pocinkovani dupli nipl fi 5/4;1;120.2
Klizna spojnica fi 5/4;1;1588
Pocinkovana cev fi 1/2;1;200
Pocinkovani dupli nipl fi 1/2;0;44.6
Pocinkovano koleno fi 1/2;0;52.4
Kugla ventil fi 2;1;2715
Kugla ventil fi 6/4;2;2212.3
Kugla ventil fi 5/4;7;1488.8
Kugla ventil fi 1;3;918.8
Klizna spojnica fi 2;1;3716
Klizna spojnica fi 6/4;1;2650
Klizna spojnica fi 5/4;3;1588
Klizna spojnica fi 1;2;964
Pocinkovani holender fi 6/4;1;536.9
Pocinkovani holender fi 5/4;4;405.1
Pocinkovani holender fi 1;1;261.7
Pocinkovani dupli nipl fi 2;2;270.9
Pocinkovani dupli nipl fi 6/4;4;184.2
Pocinkovani dupli nipl fi 5/4;14;120.2
Pocinkovani dupli nipl fi 1;6;83.4
Pocinkovano koleno fi 2;1;416.8
Pocinkovano koleno fi 6/4;2;298.5
Pocinkovano koleno fi 5/4;7;193.8
Pocinkovano koleno fi 1;3;129.9
Pocinkovani muf fi 2;1;295.9
Pocinkovani muf fi 6/4;1;178.3
Pocinkovani muf fi 5/4;4;145.4
Pocinkovani muf fi 1;2;102.8
Pocinkovana cev fi 2;2;1200
Pocinkovana cev fi 6/4;2;1094
Pocinkovana cev fi 5/4;4;907
Pocinkovana cev fi 1;4;619
Rezna ploča 125 mm;3;123.2
Kudelja - 100 gr;3;145
Kugla ventil fi 2 1/2;1;6132
Kugla ventil fi 6/4;1;2212.3
Klizna spojnica fi 2 1/2;1;4402
Klizna spojnica fi 6/4;1;2650
Pocinkovani dupli nipl fi 2 1/2;2;452.2
Pocinkovani dupli nipl fi 6/4;2;184.2
Pocinkovana cev fi 2 1/2;1;1335
Pocinkovani dupli nipl fi 5/4;1;120.2
Klizna spojnica fi 5/4;1;1588
Pocinkovana cev fi 5/4;2;907
Pocinkovani T-komad fi 3/4;1;96.9
Pocinkovana redukcija 3/4-1/2 ;2;50.4
Klizna spojnica fi 3/4;2;634
Pocinkovani dupli nipl fi 3/4;2;58.6
Kugla ventil fi 5/4;2;1488.8
Pocinkovani holender fi 5/4;0;405.1
Pocinkovani dupli nipl fi 5/4;2;120.2
Pocinkovana cev fi 5/4;2;907
Rezna ploča 125 mm;4;123.2
Kudelja - 100 gr;1;145
Klizna spojnica fi 5/4;2;1588
PVC cev fi 110/500;0;225.99
PVC cev fi 110/250;3;133.87
PVC kosa  račva-T fi 110/110;0;349.21
PVC račva-T fi 110/110;1;349.21
PVC klizna spojka fi 110;1;281.89
Prelazna guma fi 110;1;113
LG prelaz fi 110;0;1485
HL prelaz fi 110;1;3979
PVC luk fi 110/45;1;191.81
Sikafleks;2;961.54
PVC cev fi 110/1000;3;395.28
HL prelaz fi 110;1;3979
PVC klizna spojka fi 110;2;281.89
Prelazna guma fi 110;1;113
PVC luk fi 110/45;2;191.81
PVC luk fi 110/90;1;191.81
Pocinkovani dupli nipl fi 5/4;2;120.2
Pocinkovani dupli nipl fi 6/4;2;184.2
Klizna spojnica fi 5/4;1;1588
Klizna spojnica fi 6/4;1;2650
Pocinkovani muf fi 5/4;1;145.4
Pocinkovani muf fi 6/4;1;178.3
Pocinkovana cev fi 5/4;1;907
Pocinkovana cev fi 6/4;1;1094
Pocinkovana cev fi 1;2;619
Klizna spojnica fi 1;1;964
Pocinkovani dupli nipl fi 1;1;83.4
Pocinkovani muf fi 1;1;102.8
Kuplung spojnica fi 1;1;750
Kugla ventil fi 1;1;918.8
Klizna spojnica fi 1;1;964
Pocinkovani dupli nipl fi 1;3;83.4
Pocinkovani muf fi 1;1;102.8
PVC revizija fi 110;1;329.03
LG prelaz fi 110;1;1485
Prelazna guma fi 110;2;113
PVC cev fi 110/1000;1;395.28
PVC cev fi 110/500;2;225.99
PVC klizna spojka fi 110;1;281.89
Sikafleks;1;961.54
HL prelaz fi 110;1;3979
Klizna spojnica fi 2 1/2;0;4402
Pocinkovani dupli nipl fi 2 1/2;0;452.2
Kugla ventil fi 2 1/2;0;6132
Pocinkovani dupli nipl fi 2;0;270.9
Pocinkovana cev fi 5/4;3;907
Pocinkovani holender fi 5/4;1;405.1
Pocinkovani muf fi 5/4;2;145.4
Pocinkovana cev fi 1;3;619
Pocinkovani holender fi 1;1;261.7
Pocinkovani dupli nipl fi 1;2;83.4
Klizna spojnica fi 1;1;964
Pocinkovani muf fi 1;2;102.8
PVC revizija fi 110;1;329.03
LG prelaz fi 110;1;1485
Prelazna guma fi 110;2;113
PVC cev fi 110/1000;1;395.28
PVC cev fi 110/500;2;225.99
PVC klizna spojka fi 110;1;281.89
Sikafleks;1;961.54
Kugla ventil fi 1;1;918.8
Klizna spojnica fi 1;1;964
Pocinkovani muf fi 1;1;102.8
Pocinkovani dupli nipl fi 1;3;83.4
PVC cev fi 110/1000;3;395.28
PVC cev fi 110/500;3;225.99
PVC cev fi 110/250;2;133.87
PVC klizna spojka fi 110;2;281.89
LG prelaz fi 110;2;1485
Prelazna guma fi 110;6;113
HL prelaz fi 110;1;3979
PVC luk fi 110/45;4;191.81
PVC cev fi 125/1000;3;535.01
PVC cev fi 125/500;2;284.93
PVC klizna spojka fi 125;1;493.57
LG prelaz fi 125;1;1595
Sikafleks;2;961.54
PVC kosa  račva-T fi 110/110;2;349.21
Kugla ventil fi 5/4;1;1488.8
Klizna spojnica fi 5/4;1;1588
Pocinkovani dupli nipl fi 5/4;1;120.2
Pocinkovana cev fi 5/4;3;907
Virbla za propusni ventil fi 5/4;2;1411
Virbla za propusni ventil fi 1;2;1074
Pocinkovana cev fi 2;1.5;1200
Klizna spojnica fi 2;1;3716
Pocinkovani holender fi 2;1;827.3
Pocinkovano koleno fi 2;1;416.8
Pocinkovani T-komad fi 5/4;1;252
Pocinkovani dupli nipl fi 5/4;1;120.2
Klizna spojnica fi 5/4;1;1588
Pocinkovana redukcija 5/4-1/2;1;129.9
Mesingani ventil fi 1/2;2;633
Pocinkovano koleno fi 1/2;2;52.4
Pocinkovani dupli nipl fi 1/2;2;44.6
LG prelaz fi 125;2;1595
Prelazna guma fi 125;4;170
PVC cev fi 125/1000;10;535.01
PVC cev fi 125/500;4;284.93
PVC cev fi 125/250;2;173.69
PVC klizna spojka fi 125;2;493.57
Sikafleks;1;961.54
PVC cev fi 200/2000;5;2691.53
PVC cev fi 200/1000;6;1403.43
PVC kosa  račva-T fi 200/200;2;2359.83
PVC kosa  račva-T fi 200/160;3;0
PVC cev fi 160/1000;1;879.43
PVC cev fi 160/250;2;317.27
PVC redukcija fi 160/110;2;391.77
PVC klizna spojka fi 200 ;3;848.88
PVC klizna spojka fi 160;2;489.36
PVC luk fi 200/45;2;1576.49
PVC luk fi 160/45;2;760.3
PVC slivnik fi 110-vertikalni;1;0
Kalijev sapun (kutija od 0,75 kg);1;342
PVC redukcija fi 160/125;1;413.56
PVC luk fi 200/90;1;1576.49
PVC luk fi 125/45;2;307.68
PVC luk fi 110/45;2;191.81
PVC redukcija fi 200/160;1;896.87
Sikafleks;2;961.54
Pocinkovana cev fi 5/4;8;907
Kugla ventil fi 5/4;1;1488.8
Klizna spojnica fi 5/4;1;1588
Pocinkovani dupli nipl fi 5/4;2;120.2
Pocinkovano koleno fi 5/4;1;193.8
PVC cev fi 110/1000;0;395.28
PVC cev fi 110/500;1;225.99
PVC cev fi 110/250;1;133.87
LG prelaz fi 110;1;1485
HL prelaz fi 110;1;3979
PVC klizna spojka fi 110;1;281.89
Prelazna guma fi 110;2;113
Kugla ventil fi 5/4;1;1488.8
Klizna spojnica fi 5/4;1;1588
Pocinkovani dupli nipl fi 5/4;1;120.2
Pocinkovana cev fi 5/4;3;907
Virbla za propusni ventil fi 5/4;2;1411
Virbla za propusni ventil fi 1;2;1074
Kugla ventil fi 6/4;1;2212.3
Pocinkovani dupli nipl fi 6/4;2;184.2
Pocinkovani muf fi 6/4;3;178.3
Pocinkovani holender fi 6/4;1;536.9
Pocinkovano koleno fi 6/4;2;298.5
Pocinkovana cev fi 6/4;10;1094
PVC cev fi 110/1000;4;395.28
PVC cev fi 110/500;1;225.99
PVC cev fi 110/250;1;133.87
PVC klizna spojka fi 110;1;281.89
LG prelaz fi 110;1;1485
Prelazna guma fi 110;2;113
Pocinkovani dupli nipl fi 1;4;83.4
Klizna spojnica fi 1;2;964
Kugla ventil fi 1;2;918.8
Pocinkovani muf fi 1;2;102.8
LG prelaz fi 75;1;730
PVC klizna spojka fi 75;1;246.78
PVC cev fi 75/500;1;188.25
Prelazna guma fi 75;2;101
Okiten fi 63;16;175
PP poluspojka fi 63;1;2372
PP spojka fi 63;1;3456
Pocinkovano koleno fi 2;2;416.8
Pocinkovana cev fi 2;1;1200
Pocinkovani dupli nipl fi 2;2;270.9
Kugla ventil fi 2;2;2715
Pocinkovana cev fi 2;1;1200
Pocinkovani dupli nipl fi 2;3;270.9
Pocinkovano koleno fi 2;1;416.8
Pocinkovani holender fi 2;1;827.3
PVC cev fi 160/2000;2;1710
PVC cev fi 160/1000;1;879.43
PVC kosa  račva-T fi 160/160;0;1365.96
PVC luk fi 160/45;2;760.3
PVC revizija fi 160;1;1629
PVC klizna spojka fi 160;1;489.36
Prelazna guma fi 160;4;180
Sikafleks;1;961.54
LG prelaz fi 160;2;2220
Prelazna guma fi 75;1;101
Prelazna guma fi 110;2;113
PVC luk fi 110/45;3;191.81
PVC luk fi 110/90;1;191.81
PVC revizija fi 110;1;329.03
PVC redukcija fi 110/75;1;114.9
PVC cev fi 110/250;2;133.87
PVC cev fi 110/2000;1;790.36
PVC klizna spojka fi 110;1;281.89
LG prelaz fi 75;1;730
LG prelaz fi 110;1;1485
Klizna spojnica fi 6/4;1;2650
Pocinkovana cev fi 6/4;1;1094
Pocinkovani T-komad fi 1;1;168.7
Klizna spojnica fi 1;1;964
Pocinkovani dupli nipl fi 1;2;83.4
Pocinkovana redukcija 1-3/4;1;73.7
Pocinkovana redukcija 1-1/2;1;81.4
Pocinkovani dupli nipl fi 3/4;2;58.6
Pocinkovani dupli nipl fi 1/2;4;44.6
Pocinkovano koleno fi 1/2;2;52.4
Pocinkovani T-komad fi 1;1;168.7
Klizna spojnica fi 1;1;964
Pocinkovani dupli nipl fi 1;2;83.4
Pocinkovana redukcija 1-3/4;1;73.7
Pocinkovana redukcija 1-1/2;1;81.4
Pocinkovani dupli nipl fi 3/4;2;58.6
Pocinkovani dupli nipl fi 1/2;4;44.6
Pocinkovano koleno fi 1/2;2;52.4
Pocinkovana cev fi 5/4;0.6;907
Pocinkovani dupli nipl fi 5/4;2;120.2
Kugla ventil fi 5/4;1;1488.8
Klizna spojnica fi 5/4;1;1588
Pocinkovani holender fi 5/4;1;405.1
Pocinkovana cev fi 6/4;2;1094
Pocinkovani dupli nipl fi 6/4;2;184.2
Kugla ventil fi 6/4;1;2212.3
Pocinkovani holender fi 6/4;1;536.9
Pocinkovana cev fi 2 1/2;9;1335
Klizna spojnica fi 2 1/2;2;4402
Pocinkovani dupli nipl fi 2 1/2;2;452.2
Pocinkovana cev fi 5/4;4;907
Klizna spojnica fi 5/4;2;1588
Pocinkovani dupli nipl fi 5/4;1;120.2
Kudelja - 100 gr;2;145
Kugla ventil fi 2 1/2;2;6132
Pocinkovani T-komad fi 2 1/2;2;1112.7
Pocinkovana redukcija 2 1/2-1;1;375.4
Pocinkovana redukcija 1-3/4;1;73.7
Kugla ventil fi 3/4;1;571.8
Pocinkovani dupli nipl fi 3/4;2;58.6
Pocinkovano koleno fi 3/4;2;77.6
Pocinkovana redukcija 3/4-1/2 ;0;50.4
Pocinkovani muf fi 2 1/2;1;521
Pocinkovana cev fi 3/4;2;465
Pocinkovani holender fi 2;1;827.3
Hidrantski ventil fi 2;1;1
Pocinkovana redukcija 2 1/2-5/4;1;375.4
PVC cev fi 110/2000;3;790.36
PVC cev fi 110/1000;3;395.28
PVC cev fi 110/500;2;225.99
PVC cev fi 110/250;2;133.87
LG prelaz fi 110;0;1485
Prelazna guma fi 110;1;113
PVC luk fi 110/45;11;191.81
PVC luk fi 110/90;1;191.81
Rezna ploča 125 mm;3;123.2
Pocinkovana cev fi 5/4;0.5;907
Pocinkovani dupli nipl fi 5/4;2;120.2
Klizna spojnica fi 5/4;1;1588
Pocinkovani holender fi 5/4;1;405.1
Pocinkovana cev fi 6/4;2;1094
Pocinkovani dupli nipl fi 6/4;2;184.2
Kugla ventil fi 6/4;1;2212.3
Pocinkovani holender fi 6/4;1;536.9
Kugla ventil fi 1;1;918.8
Pocinkovano koleno fi 1;2;129.9
Pocinkovana cev fi 1;3;619
Pocinkovani dupli nipl fi 1;3;83.4
Pocinkovani muf fi 1;1;102.8
Klizna spojnica fi 1;1;964
Pocinkovani holender fi 1;1;261.7
Pocinkovana cev fi 1;2.6;619
Pocinkovani dupli nipl fi 1;1;83.4
Pocinkovani holender fi 1;1;261.7
PVC klizna spojka fi 110;1;281.89
Pocinkovana cev fi 6/4;6;1094
Kugla ventil fi 6/4;1;2212.3
Pocinkovani dupli nipl fi 6/4;1;184.2
Pocinkovani muf fi 6/4;2;178.3
Klizna spojnica fi 6/4;1;2650
Virbla za propusni ventil fi 6/4;1;2134
LG prelaz fi 110;1;1485
HL prelaz fi 110;1;3979
Prelazna guma fi 110;1;113
PVC klizna spojka fi 110;1;281.89
PVC cev fi 110/2000;1;790.36
PVC cev fi 110/500;2;225.99
PVC cev fi 110/250;2;133.87
Sikafleks;1;961.54
PVC redukcija fi 200/160;1;896.87
PVC luk fi 160/45;1;760.3
PVC luk fi 160/90;1;760.33
PVC cev fi 160/250;2;317.27
Pocinkovana cev fi 2;4;1200
Pocinkovano koleno fi 2;3;416.8
Pocinkovani holender fi 2;1;827.3
Klizna spojnica fi 2;1;3716
Pocinkovani dupli nipl fi 2;2;270.9
Pocinkovani muf fi 2;2;295.9
Virbla za propusni ventil fi 1/2;1;374
LG prelaz fi 110;1;1485
HL prelaz fi 110;1;3979
Prelazna guma fi 110;1;113
PVC cev fi 110/2000;1;790.36
PVC cev fi 110/500;2;225.99
PVC klizna spojka fi 110;1;281.89
Sikafleks;1;961.54
PVC cev fi 110/1000;1;395.28
LG prelaz fi 110;1;1485
PVC klizna spojka fi 110;1;281.89
Prelazna guma fi 110;2;113
HL prelaz fi 110;1;3979
PVC luk fi 110/45;2;191.81
PVC luk fi 110/90;1;191.81
Virbla za propusni ventil fi 5/4;6;1411
Kugla ventil fi 5/4;1;1488.8
Klizna spojnica fi 5/4;1;1588
Pocinkovani dupli nipl fi 5/4;2;120.2
Kugla ventil fi 6/4;1;2212.3
Klizna spojnica fi 6/4;1;2650
Pocinkovani dupli nipl fi 6/4;1;184.2
PVC cev fi 110/1000;1;395.28
PVC cev fi 110/500;1;225.99
LG prelaz fi 110;1;1485
HL prelaz fi 110;1;3979
PVC klizna spojka fi 110;1;281.89
Prelazna guma fi 110;2;113
Sikafleks;1;961.54
Rezna ploča 125 mm;6;123.2
PVC revizija fi 110;1;329.03
PVC luk fi 110/45;1;191.81
PVC cev fi 110/250;1;133.87
PVC cev fi 110/2000;1;790.36
PVC cev fi 110/1000;1;395.28
Prelazna guma fi 110;2;113
PVC klizna spojka fi 110;1;281.89
LG prelaz fi 110;1;1485
Klizna spojnica fi 6/4;2;2650
Klizna spojnica fi 1;2;964
Pocinkovani dupli nipl fi 6/4;4;184.2
Pocinkovani dupli nipl fi 1;4;83.4
Pocinkovani muf fi 6/4;4;178.3
Pocinkovana cev fi 6/4;2;1094
Pocinkovana cev fi 1;2;619
Kugla ventil fi 6/4;0;2212.3
Kugla ventil fi 1;2;918.8
Klizna spojnica fi 2 1/2;1;4402
Pocinkovana cev fi 2 1/2;1.5;1335
PVC cev fi 110/2000;1;790.36
PVC cev fi 110/500;2;225.99
Prelazna guma fi 110;2;113
LG prelaz fi 110;1;1485
PVC klizna spojka fi 110;1;281.89
PVC cev fi 75/2000;1;621.87
PVC cev fi 75/1000;1;310.85
HL prelaz fi 75;1;3152
Prelazna guma fi 75;1;101
PVC klizna spojka fi 75;2;246.78
Rezna ploča 125 mm;2;123.2
Pocinkovana cev fi 2;2;1200
Klizna spojnica fi 2;1;3716
PVC redukcija fi 200/160;0;896.87
PVC redukcija fi 160/125;0;413.56
Prelazna guma fi 160;1;180
PVC cev fi 125/1000;2;535.01
PVC cev fi 125/500;1;284.93
PVC cev fi 125/250;2;173.69
PVC račva-T fi 125/125;1;527.46
PVC luk fi 125/45;0;307.68
PVC luk fi 125/90;1;307.68
PVC cev fi 110/2000;1;790.36
PVC luk fi 110/90;2;191.81
LG prelaz fi 110;1;1485
PVC klizna spojka fi 110;2;281.89
Prelazna guma fi 110;2;113
Kugla ventil fi 5/4;1;1488.8
Klizna spojnica fi 5/4;1;1588
Pocinkovani dupli nipl fi 5/4;2;120.2
Virbla za propusni ventil fi 5/4;2;1411
PVC cev fi 110/1000;1;395.28
PVC cev fi 110/500;1;225.99
PVC cev fi 110/250;1;133.87
LG prelaz fi 110;1;1485
PVC luk fi 110/90;1;191.81
Prelazna guma fi 110;2;113
PVC klizna spojka fi 110;2;281.89
Pocinkovana cev fi 2;3;1200
Pocinkovano koleno fi 2;1;416.8
Pocinkovani dupli nipl fi 2;1;270.9
Klizna spojnica fi 2;0;3716
Pocinkovani holender fi 2;1;827.3
Kugla ventil fi 2;1;2715
Kugla ventil fi 5/4;1;1488.8
Pocinkovani holender fi 5/4;1;405.1
Pocinkovani dupli nipl fi 5/4;0;120.2
Pocinkovana cev fi 5/4;1;907
Rezna ploča 125 mm;3;123.2
Kudelja - 100 gr;1;145
PVC cev fi 160/1000;4;879.43
PVC cev fi 160/500;0;527.62
PVC cev fi 160/250;2;317.27
PVC kosa  račva-T fi 160/160;2;1365.96
PVC luk fi 160/90;0;760.33
PVC klizna spojka fi 160;0;489.36
PVC revizija fi 160;1;1629
LG prelaz fi 160;1;2220
Prelazna guma fi 160;2;180
Gajger slivnik fi 110;3;0
PVC cev fi 110/1000;0;395.28
PVC cev fi 110/500;2;225.99
PVC cev fi 110/250;6;133.87
PVC luk fi 110/90;2;191.81
PVC luk fi 110/45;4;191.81
PVC redukcija fi 125/110;1;221.52
Prelazna guma fi 110;3;113
PVC cev fi 110/2000;1;790.36
PVC cev fi 110/1000;1;395.28
PVC revizija fi 110;1;329.03
HL prelaz fi 110;1;3979
PVC klizna spojka fi 110;2;281.89
Pocinkovana cev fi 2 1/2;5;1335
Pocinkovano koleno fi 2 1/2;1;731.4
Klizna spojnica fi 2 1/2;3;4402
Pocinkovani T-komad fi 2 1/2;1;1112.7
Pocinkovani dupli nipl fi 2 1/2;2;452.2
Klizna spojnica fi 5/4;1;1588
Pocinkovani dupli nipl fi 5/4;2;120.2
Pocinkovani muf fi 5/4;1;145.4
Kugla ventil fi 5/4;3;1488.8
Pocinkovani holender fi 5/4;3;405.1
Pocinkovani dupli nipl fi 5/4;5;120.2
Pocinkovani muf fi 5/4;0;145.4
Pocinkovana cev fi 2;2;1200
Pocinkovani dupli nipl fi 2;1;270.9
Klizna spojnica fi 2;1;3716
Pocinkovani muf fi 2;1;295.9
Kugla ventil fi 1;0;918.8
Kugla ventil fi 5/4;0;1488.8
Klizna spojnica fi 5/4;0;1588
Klizna spojnica fi 1;0;964
Pocinkovani dupli nipl fi 5/4;0;120.2
Pocinkovani dupli nipl fi 1;0;83.4
Pocinkovano koleno fi 5/4;0;193.8
Pocinkovana cev fi 5/4;0;907
Rezna ploča 125 mm;2;123.2
Pocinkovana cev fi 5/4;3;907
Pocinkovani muf fi 5/4;3;145.4
Klizna spojnica fi 5/4;2;1588
Pocinkovani dupli nipl fi 5/4;3;120.2
PVC kosa  račva-T fi 75/50;1;137.1
PVC cev fi 75/500;2;188.25
PVC klizna spojka fi 75;2;246.78
PVC cev fi 75/250;1;116.74
Pocinkovana cev fi 2 1/2;4;1335
Pocinkovano koleno fi 2 1/2;1;731.4
Klizna spojnica fi 2 1/2;3;4402
Pocinkovani T-komad fi 2 1/2;1;1112.7
Pocinkovani dupli nipl fi 2 1/2;2;452.2
Rezna ploča 125 mm;2;123.2
Kudelja - 100 gr;1;145
Pocinkovana cev fi 2;10;1200
Pocinkovani dupli nipl fi 2;4;270.9
Pocinkovano koleno fi 2;4;416.8
Pocinkovani muf fi 2;5;295.9
Kugla ventil fi 2;1;2715
Hidrantski ventil fi 2;1;1
Pocinkovani holender fi 2;1;827.3
Rezna ploča 230 mm;2;290
PVC kosa  račva-T fi 160/125;1;877.41
PVC cev fi 125/1000;3;535.01
PVC luk fi 125/45;2;307.68
PVC revizija fi 125;1;400
LG prelaz fi 125;1;1595
PVC cev fi 125/500;2;284.93
PVC cev fi 160/1000;8;879.43
PVC cev fi 160/2000;1;1710
PVC redukcija fi 200/160;2;896.87
Prelazna guma fi 125;2;170
PVC luk fi 160/45;0;760.3
PVC luk fi 160/90;1;760.33
Prelazna guma fi 160;0;180
LG prelaz fi 160;1;2220
Pocinkovana cev fi 1;1;619
Pocinkovano koleno fi 1;1;129.9
Pocinkovani dupli nipl fi 1;2;83.4
Pocinkovana redukcija 6/4-1;1;151.2
Klizna spojnica fi 1;1;964
Pocinkovani holender fi 1;1;261.7
Kugla ventil fi 1;1;918.8
Kugla ventil fi 2;1;2715
Kugla ventil fi 6/4;1;2212.3
Pocinkovani dupli nipl fi 2;3;270.9
Pocinkovani dupli nipl fi 6/4;3;184.2
Pocinkovani T-komad fi 2;1;521
Pocinkovana redukcija 2-3/4;1;222.4
Kugla ventil fi 3/4;1;571.8
Pocinkovani dupli nipl fi 3/4;2;58.6
Pocinkovani holender fi 2;1;827.3
Pocinkovani holender fi 6/4;1;536.9
Klizna spojnica fi 2;1;3716
Klizna spojnica fi 6/4;1;2650
Pocinkovana cev fi 2;5.5;1200
Pocinkovano koleno fi 2;1;416.8
Klizna spojnica fi 2;2;3716
Pocinkovani T-komad fi 2;1;521
Pocinkovani dupli nipl fi 2;2;270.9
Pocinkovana redukcija 2-5/4;1;222.4
PVC cev fi 160/2000;2;1710
PVC cev fi 160/1000;0;879.43
PVC cev fi 160/500;2;527.62
PVC cev fi 160/250;0;317.27
PVC kosa  račva-T fi 160/160;1;1365.96
PVC luk fi 160/45;2;760.3
PVC revizija fi 160;0;1629
PVC klizna spojka fi 160;1;489.36
PVC klizna spojka fi 200 ;1;848.88
PVC redukcija fi 200/160;3;896.87
Klizna spojnica fi 5/4;1;1588
Pocinkovani dupli nipl fi 5/4;1;120.2
Pocinkovana redukcija 5/4-1/2;1;129.9
PPR muf fi 20-SN;1;275
PPR muf fi 20;0;18.35
PPR cev fi 20;1;122
Pocinkovani holender fi 1/2;1;191.9
Pocinkovani dupli nipl fi 1/2;2;44.6
Pocinkovani T-komad fi 5/4;1;252
Rezna ploča 125 mm;3;123.2
PVC cev fi 110/2000;1;790.36
PVC cev fi 110/1000;2;395.28
PVC cev fi 110/500;1;225.99
PVC cev fi 110/250;0;133.87
PVC cev fi 125/500;0;284.93
PVC revizija fi 110;2;329.03
PVC luk fi 110/45;2;191.81
PVC kosa  račva-T fi 110/75;0;258.24
PVC luk fi 75/45;0;85.09
PVC cev fi 75/250;1;116.74
Prelazna guma fi 110;2;113
LG prelaz fi 110;1;1485
PVC klizna spojka fi 110;0;281.89
Sikafleks;1;961.54
Rezna ploča 125 mm;3;123.2
PVC klizna spojka fi 75;1;246.78
HL prelaz fi 110;1;3979
PVC cev fi 160/1000;0;879.43
PVC cev fi 160/500;0;527.62
LG prelaz fi 160;0;2220
Prelazna guma fi 160;0;180
PVC luk fi 160/45;0;760.3
PVC luk fi 160/90;0;760.33
PVC klizna spojka fi 160;0;489.36
Pocinkovana cev fi 6/4;2;1094
Pocinkovana cev fi 5/4;2;907
Pocinkovani dupli nipl fi 6/4;2;184.2
Pocinkovani dupli nipl fi 5/4;2;120.2
Kugla ventil fi 6/4;1;2212.3
Kugla ventil fi 5/4;1;1488.8
Pocinkovani holender fi 6/4;1;536.9
Pocinkovani holender fi 5/4;1;405.1
Klizna spojnica fi 6/4;1;2650
Klizna spojnica fi 5/4;1;1588
Virbla za propusni ventil fi 6/4;2;2134
Virbla za propusni ventil fi 1;2;1074
Pocinkovana cev fi 6/4;3;1094
Pocinkovani T-komad fi 6/4;3;323.7
Pocinkovana redukcija 6/4-3/4;2;151.2
Pocinkovani dupli nipl fi 3/4;2;58.6
Pocinkovana redukcija 6/4-1/2;1;151.2
Klizna spojnica fi 6/4;3;2650
PVC cev fi 160/2000;1;1710
PVC cev fi 160/1000;1;879.43
PVC cev fi 160/500;2;527.62
PVC luk fi 160/45;1;760.3
Prelazna guma fi 160;1;180
Sikafleks;1;961.54
PVC cev fi 110/1000;2;395.28
PVC cev fi 110/500;2;225.99
PVC kosa  račva-T fi 110/110;1;349.21
PVC luk fi 110/45;2;191.81
PVC luk fi 110/90;1;191.81
PVC klizna spojka fi 110;2;281.89
Map gas;1;688
Sikafleks;1;961.54
LG prelaz fi 110;0;1485
HL prelaz fi 110;1;3979
Prelazna guma fi 110;1;113
PVC cev fi 110/1000;4;395.28
PVC cev fi 110/500;3;225.99
PVC cev fi 110/250;6;133.87
PVC klizna spojka fi 110;4;281.89
LG prelaz fi 110;2;1485
Prelazna guma fi 110;4;113
HL prelaz fi 110;1;3979
Map gas;1;688
Sikafleks;1;961.54
Kugla ventil fi 1;1;918.8
Pocinkovana cev fi 1;2;619
Pocinkovano koleno fi 1;2;129.9
Pocinkovani dupli nipl fi 1;2;83.4
Klizna spojnica fi 1;1;964
Pocinkovana redukcija 5/4-1;0;129.9
Kugla ventil fi 1;1;918.8
Pocinkovani dupli nipl fi 1;2;83.4
Klizna spojnica fi 1;0;964
Pocinkovana cev fi 1;2;619
Pocinkovana redukcija 6/4-1;0;151.2
Pocinkovani holender fi 1;0;261.7
Pocinkovana cev fi 5/4;2;907
Pocinkovana redukcija 6/4-5/4;0;151.2
Pocinkovani holender fi 5/4;0;405.1
Kugla ventil fi 5/4;1;1488.8
Pocinkovani T-komad fi 5/4;0;252
Pocinkovani dupli nipl fi 5/4;0;120.2
Pocinkovana redukcija 5/4-1/2;0;129.9
Pocinkovani holender fi 1/2;0;191.9
Pocinkovani dupli nipl fi 1/2;0;44.6
Pocinkovano koleno fi 1;0;129.9
Pocinkovani muf fi 1;1;102.8
Pocinkovani muf fi 1/2;0;44.6
Pocinkovana cev fi 1/2;1;200
Pocinkovani dupli nipl fi 5/4;10;120.2
Kugla ventil fi 5/4;5;1488.8
Pocinkovani holender fi 5/4;5;405.1
Pocinkovana cev fi 5/4;7.5;907
Kudelja - 100 gr;2;145
Pocinkovana cev fi 5/4;0.5;907
Klizna spojnica fi 5/4;1;1588
Pocinkovani muf fi 5/4;0;145.4
Prelazna guma fi 110;2;113
PVC cev fi 110/1000;2;395.28
PVC cev fi 110/500;1;225.99
PVC cev fi 110/250;1;133.87
PVC klizna spojka fi 110;1;281.89
LG prelaz fi 110;1;1485
Sikafleks;1;961.54
LG prelaz fi 110;1;1485
HL prelaz fi 110;1;3979
Prelazna guma fi 110;1;113
PVC klizna spojka fi 110;1;281.89
PVC cev fi 110/1000;0;395.28
PVC cev fi 110/500;1;225.99
PVC cev fi 110/250;1;133.87
PVC luk fi 110/45;0;191.81
Sikafleks;1;961.54
Rezna ploča 125 mm;3;123.2
Pocinkovana cev fi 2 1/2;1.5;1335
Klizna spojnica fi 2 1/2;1;4402
Rezna ploča 125 mm;3;123.2
PVC cev fi 110/1000;3;395.28
PVC cev fi 110/500;2;225.99
PVC cev fi 110/250;2;133.87
PVC klizna spojka fi 110;1;281.89
LG prelaz fi 110;1;1485
HL prelaz fi 110;1;3979
Prelazna guma fi 110;2;113
PVC cev fi 160/2000;2;1710
PVC redukcija fi 200/160;1;896.87
Sikafleks;1;961.54
Staklarski git (tuba 1 kg);1;165
PVC cev fi 160/500;1;527.62
Pocinkovana cev fi 5/4;15;907
Pocinkovano koleno fi 5/4;5;193.8
Pocinkovani T-komad fi 5/4;2;252
Pocinkovani muf fi 5/4;6;145.4
Pocinkovani holender fi 5/4;2;405.1
Klizna spojnica fi 5/4;2;1588
Pocinkovani dupli nipl fi 5/4;6;120.2
Pocinkovana redukcija 5/4-3/4;2;129.9
Klizna spojnica fi 3/4;2;634
Pocinkovani T-komad fi 3/4;1;96.9
Pocinkovani dupli nipl fi 3/4;5;58.6
Pocinkovani muf fi 3/4;2;56.2
Rezna ploča 125 mm;4;123.2
Kalijev sapun (kutija od 0,75 kg);1;342
LG prelaz fi 110;1;1485
LG prelaz fi 75;3;730
Prelazna guma fi 110;1;113
Prelazna guma fi 75;3;101
Prelazna guma fi 160;1;180
PVC revizija fi 160;1;1629
PVC kosa  račva-T fi 160/110;1;884.34
PVC luk fi 110/45;1;191.81
PVC redukcija fi 110/75;1;114.9
PVC redukcija fi 160/110;1;391.77
PVC kosa  račva-T fi 75/75;2;150.52
PVC luk fi 75/45;6;85.09
PVC luk fi 160/90;1;760.33
PVC cev fi 160/2000;1;1710
PVC cev fi 160/1000;1;879.43
PVC cev fi 160/500;1;527.62
PVC cev fi 160/250;1;317.27
PVC cev fi 110/250;2;133.87
PVC cev fi 75/1000;1;310.85
PVC cev fi 75/500;3;188.25
PVC cev fi 75/250;2;116.74
Rezna ploča 125 mm;2;123.2
Sikafleks;1;961.54
PVC cev fi 125/2000;1;1040.36
PVC cev fi 125/500;1;284.93
LG prelaz fi 125;1;1595
Prelazna guma fi 125;1;170
Rezna ploča 125 mm;2;123.2
Sikafleks;1;961.54
Kugla ventil fi 6/4;2;2212.3
Klizna spojnica fi 6/4;2;2650
Pocinkovani dupli nipl fi 6/4;4;184.2
LG prelaz fi 160;1;2220
PVC cev fi 160/2000;0;1710
PVC cev fi 160/500;1;527.62
PVC klizna spojka fi 160;0;489.36
PVC revizija fi 160;2;1629
Prelazna guma fi 160;2;180
PVC kosa  račva-T fi 160/110;1;884.34
PVC luk fi 110/45;1;191.81
PVC luk fi 110/90;1;191.81
PVC cev fi 110/250;2;133.87
LG prelaz fi 110;1;1485
Prelazna guma fi 110;1;113
Sikafleks;1;961.54
Pocinkovani muf fi 2;0;295.9
Pocinkovana cev fi 2;6;1200
Pocinkovano koleno fi 2;0;416.8
Klizna spojnica fi 2;0;3716
Pocinkovani dupli nipl fi 2;1;270.9
Kugla ventil fi 2;0;2715
Kugla ventil fi 2;1;2715
Pocinkovano koleno fi 2;1;416.8
Pocinkovani dupli nipl fi 2;1;270.9
Pocinkovana cev fi 2;0.5;1200
Rezna ploča 230 mm;1;290
Pocinkovana cev fi 5/4;3;907
Pocinkovana cev fi 1;3;619
Klizna spojnica fi 5/4;1;1588
Klizna spojnica fi 1;1;964
Pocinkovani dupli nipl fi 5/4;1;120.2
Pocinkovani dupli nipl fi 1;1;83.4
Pocinkovana cev fi 5/4;3;907
Klizna spojnica fi 5/4;2;1588
Pocinkovani T-komad fi 5/4;1;252
Pocinkovana redukcija 5/4-1/2;1;129.9
Pocinkovani muf fi 5/4;1;145.4
Čep fi 1/2;1;39.7
Pocinkovana cev fi 1;2;619
Pocinkovani T-komad fi 1;1;168.7
Pocinkovana redukcija 1-1/2;1;81.4
Klizna spojnica fi 1;2;964
Pocinkovana cev fi 5/4;8;907
Pocinkovano koleno fi 5/4;2;193.8
Pocinkovani dupli nipl fi 5/4;4;120.2
Pocinkovani muf fi 5/4;2;145.4
Klizna spojnica fi 5/4;1;1588
Kugla ventil fi 5/4;1;1488.8
Pocinkovani dupli nipl fi 5/4;10;120.2
Kugla ventil fi 5/4;4;1488.8
Pocinkovani holender fi 5/4;4;405.1
Pocinkovani T-komad fi 5/4;1;252
Pocinkovano koleno fi 5/4;1;193.8
Pocinkovana redukcija 5/4-1/2;1;129.9
Pocinkovana cev fi 5/4;8;907
Pocinkovana cev fi 2;1;1200
Pocinkovano koleno fi 2;1;416.8
Pocinkovani holender fi 2;1;827.3
Pocinkovana redukcija 2 1/2-2;1;375.4
Kudelja - 100 gr;2;145
Rezna ploča 125 mm;3;123.2
PVC redukcija fi 200/160;2;896.87
PVC klizna spojka fi 160;2;489.36
PVC cev fi 160/2000;1;1710
PVC cev fi 160/1000;3;879.43
PVC cev fi 160/500;1;527.62
PVC račva-T fi 75/75;2;151.03
Prelazna guma fi 160;1;180
LG prelaz fi 75;2;730
PVC luk fi 75/90;1;85.09
Pocinkovana cev fi 2 1/2;11;1335
Pocinkovana cev fi 5/4;2;907
Kugla ventil fi 2 1/2;1;6132
Kugla ventil fi 2;1;2715
Kugla ventil fi 5/4;1;1488.8
Pocinkovani holender fi 2 1/2;2;1427.4
Pocinkovani holender fi 2;1;827.3
Pocinkovani holender fi 5/4;0;405.1
Pocinkovani T-komad fi 2 1/2;1;1112.7
Pocinkovano koleno fi 2 1/2;4;731.4
Pocinkovano koleno fi 5/4;2;193.8
Klizna spojnica fi 2 1/2;0;4402
Klizna spojnica fi 5/4;1;1588
Pocinkovani dupli nipl fi 2 1/2;2;452.2
Pocinkovani dupli nipl fi 2;1;270.9
Pocinkovani dupli nipl fi 5/4;1;120.2
Map gas;2;688
Kudelja - 100 gr;1;145
Kugla ventil fi 6/4;1;2212.3
Pocinkovani holender fi 6/4;1;536.9
Pocinkovani dupli nipl fi 6/4;2;184.2
Pocinkovani muf fi 2 1/2;0;521
Kugla ventil fi 5/4;8;1488.8
Klizna spojnica fi 5/4;8;1588
Pocinkovani dupli nipl fi 5/4;10;120.2
Pocinkovani muf fi 5/4;6;145.4
Pocinkovana cev fi 5/4;16;907
Rezna ploča 125 mm;5;123.2
Kudelja - 100 gr;1;145
Map gas;1;688
Pocinkovana redukcija 6/4-5/4;2;151.2
Pocinkovani dupli nipl fi 1;2;83.4
Kugla ventil fi 1;1;918.8
Klizna spojnica fi 1;1;964
Pocinkovana cev fi 3;3;1997
Klizna spojnica fi 3;1;5285
Pocinkovani dupli nipl fi 3;0;823.6
PVC cev fi 110/2000;2;790.36
PVC cev fi 110/250;2;133.87
PVC revizija fi 110;1;329.03
HL prelaz fi 110;2;3979
PVC luk fi 110/90;2;191.81
PVC luk fi 110/45;2;191.81
Pocinkovana cev fi 1;2.5;619
Klizna spojnica fi 1;2;964
Pocinkovani dupli nipl fi 1;2;83.4
Kudelja - 100 gr;1;145
Kugla ventil fi 1;1;918.8
LG prelaz fi 75;1;730
Prelazna guma fi 75;2;101
HL prelaz fi 75;1;3152
PVC klizna spojka fi 75;1;246.78
PVC cev fi 75/2000;1;621.87
PVC cev fi 75/500;1;188.25
PVC cev fi 75/250;1;116.74
PVC cev fi 110/2000;1;790.36
PVC cev fi 110/500;1;225.99
HL prelaz fi 110;1;3979
Prelazna guma fi 110;1;113
PVC klizna spojka fi 110;2;281.89
Pocinkovana redukcija 5/4-1;5;129.9
Pocinkovani dupli nipl fi 5/4;4;120.2
Pocinkovani dupli nipl fi 1;13;83.4
Kugla ventil fi 5/4;2;1488.8
Kugla ventil fi 1;6;918.8
Pocinkovani holender fi 5/4;2;405.1
Pocinkovani holender fi 1;6;261.7
Pocinkovana cev fi 5/4;2.5;907
Pocinkovana cev fi 1;7;619
Pocinkovani T-komad fi 1;1;168.7
Pocinkovana redukcija 1-1/2;1;81.4
Pocinkovano koleno fi 1;1;129.9
Rezna ploča 125 mm;3;123.2
Pocinkovana cev fi 1;2;619
Klizna spojnica fi 1;1;964
Pocinkovani dupli nipl fi 1;1;83.4
Čep fi 3/4 ;1;44.6
Rezna ploča 125 mm;1;123.2
Pocinkovani dupli nipl fi 5/4;2;120.2
Klizna spojnica fi 5/4;1;1588
Kugla ventil fi 5/4;1;1488.8
Pocinkovana cev fi 5/4;1.5;907
Kugla ventil fi 2 1/2;1;6132
Pocinkovani dupli nipl fi 2 1/2;1;452.2
Pocinkovani muf fi 2 1/2;0;521
Pocinkovani holender fi 2 1/2;0;1427.4
Kudelja - 100 gr;1;145
Klizna spojnica fi 2 1/2;1;4402
PVC cev fi 200/1000;5;1403.43
PVC cev fi 200/500;0;778.61
Keramički prelaz fi 200;1;5940
PVC redukcija fi 250/200;0;4210
Staklarski git (tuba 1 kg);1;165
Pocinkovana cev fi 6/4;2.5;1094
Klizna spojnica fi 6/4;2;2650
Pocinkovani T-komad fi 6/4;1;323.7
Pocinkovana redukcija 6/4-1/2;1;151.2
Pocinkovani muf fi 6/4;0;178.3
Pocinkovani dupli nipl fi 6/4;0;184.2
PVC cev fi 110/250;1;133.87
PVC račva-T fi 110/110;1;349.21
PVC klizna spojka fi 110;2;281.89
Pocinkovana cev fi 6/4;3;1094
Kugla ventil fi 6/4;1;2212.3
Pocinkovani dupli nipl fi 6/4;2;184.2
Pocinkovani muf fi 6/4;1;178.3
Klizna spojnica fi 6/4;1;2650
Kugla ventil fi 5/4;2;1488.8
Klizna spojnica fi 5/4;2;1588
Pocinkovani dupli nipl fi 5/4;4;120.2
LG prelaz fi 160;1;2220
PVC cev fi 160/1000;2;879.43
Prelazna guma fi 160;2;180
PVC klizna spojka fi 160;2;489.36
Sikafleks;1;961.54
Rezna ploča 125 mm;1;123.2
PVC revizija fi 160;1;1629
LG prelaz fi 160;1;2220
Prelazna guma fi 160;2;180
PVC luk fi 160/45;2;760.3
PVC luk fi 160/90;1;760.33
PVC klizna spojka fi 160;2;489.36
PVC cev fi 160/2000;1;1710
Pocinkovani dupli nipl fi 1;2;83.4
Pocinkovani dupli nipl fi 6/4;8;184.2
Pocinkovana cev fi 1;2;619
Pocinkovana cev fi 6/4;3;1094
Kugla ventil fi 1;1;918.8
Kugla ventil fi 6/4;3;2212.3
Klizna spojnica fi 1;1;964
Klizna spojnica fi 6/4;1;2650
Pocinkovani holender fi 6/4;2;536.9
PVC cev fi 125/1000;1;535.01
PVC cev fi 125/250;2;173.69
PVC luk fi 125/90;1;307.68
PVC klizna spojka fi 125;1;493.57
Prelazna guma fi 125;1;170
LG prelaz fi 125;1;1595
PVC cev fi 110/250;3;133.87
PVC luk fi 110/90;1;191.81
PVC luk fi 110/45;4;191.81
PVC klizna spojka fi 110;1;281.89
LG prelaz fi 110;1;1485
Prelazna guma fi 110;2;113
Sikafleks;1;961.54
LG prelaz fi 110;1;1485
PVC luk fi 110/90;1;191.81
PVC cev fi 110/250;2;133.87
HL prelaz fi 110;1;3979
Prelazna guma fi 110;1;113
Sikafleks;1;961.54
Keramički prelaz fi 125;1;2520
PVC cev fi 125/2000;3;1040.36
PVC cev fi 125/1000;2;535.01
PVC cev fi 125/500;2;284.93
PVC cev fi 110/1000;1;395.28
PVC cev fi 110/500;1;225.99
PVC cev fi 110/250;1;133.87
PVC klizna spojka fi 110;1;281.89
PVC kosa  račva-T fi 125/110;1;456.03
PVC luk fi 110/45;1;191.81
PVC klizna spojka fi 125;1;493.57
Keramički prelaz fi 110;1;1595
PVC redukcija fi 125/110;1;221.52
PVC revizija fi 110;1;329.03
PVC cev fi 110/2000;1;790.36
PVC cev fi 110/1000;1;395.28
PVC cev fi 110/500;2;225.99
PVC cev fi 110/250;2;133.87
PVC luk fi 110/45;2;191.81
PVC redukcija fi 110/75;1;114.9
PVC kosa  račva-T fi 75/50;1;137.1
PVC luk fi 50/45;4;51.25
PVC luk fi 50/90;1;51.25
PVC cev fi 50/1000;1;210.3
PVC cev fi 50/250;1;74.03
LG prelaz fi 75;1;730
Prelazna guma fi 75;1;101
HL prelaz fi 75;1;3152
PVC klizna spojka fi 75;1;246.78
PVC klizna spojka fi 110;1;281.89
HL prelaz fi 110;1;3979
LG prelaz fi 110;1;1485
PVC klizna spojka fi 50;2;133.24
PVC cev fi 50/500;1;119.44
PVC cev fi 110/250;1;133.87
Silikon-tuba 280 ml;1;339
PVC redukcija fi 110/75;1;114.9
Rezna ploča 125 mm;5;123.2
Rezna ploča 230 mm;1;290
PVC cev fi 125/2000;0;1040.36
PVC cev fi 125/1000;0;535.01
PVC cev fi 125/500;0;284.93
PVC luk fi 125/45;0;307.68
PVC luk fi 125/90;0;307.68
PVC revizija fi 125;0;400
LG prelaz fi 125;0;1595
Prelazna guma fi 125;0;170
PVC cev fi 160/2000;5;1710
PVC cev fi 160/1000;2;879.43
PVC cev fi 160/500;4;527.62
PVC cev fi 160/250;4;317.27
PVC revizija fi 160;2;1629
LG prelaz fi 160;2;2220
Prelazna guma fi 160;2;180
PVC klizna spojka fi 160;2;489.36
PVC cev fi 160/1000;2;879.43
PVC cev fi 160/500;2;527.62
PVC luk fi 160/90;2;760.33
PVC revizija fi 160;1;1629
Prelazna guma fi 160;2;180
LG prelaz fi 160;1;2220
PVC revizija fi 160;1;1629
PVC klizna spojka fi 160;1;489.36
PVC cev fi 160/2000;1;1710
PVC cev fi 160/250;0;317.27
Sikafleks;1;961.54
Pocinkovana redukcija 1-3/4;1;73.7
Pocinkovano koleno fi 3/4;2;77.6
Kugla ventil fi 3/4;1;571.8
Pocinkovani dupli nipl fi 3/4;3;58.6
Pocinkovana cev fi 3/4;2;465
Pocinkovana redukcija 3/4-1/2 ;1;50.4
Pocinkovana cev fi 2;1;1200
Klizna spojnica fi 2;1;3716
Pocinkovani dupli nipl fi 2;1;270.9
Pocinkovana cev fi 6/4;7;1094
Pocinkovano koleno fi 6/4;7;298.5
Pocinkovani holender fi 6/4;2;536.9
Pocinkovani dupli nipl fi 6/4;2;184.2
Rezna ploča 125 mm;3;123.2
Pocinkovana cev fi 3/4;1.5;465
Pocinkovana cev fi 1/2;1;200
Čep fi 1/2;0;39.7
Pocinkovano koleno fi 1/2;1;52.4
Klizna spojnica fi 3/4;1;634
Pocinkovani dupli nipl fi 3/4;1;58.6
Pocinkovana redukcija 3/4-1/2 ;2;50.4
Pocinkovani T-komad fi 3/4;1;96.9
Pocinkovani muf fi 1/2;1;44.6
Pocinkovani dupli nipl fi 1/2;2;44.6
PPR cev fi 20;1;122
PPR koleno fi 20/90;0;22
PPR muf fi 20;1;18.35
Pocinkovana cev fi 5/4;6;907
Pocinkovano koleno fi 5/4;4;193.8
Pocinkovani T-komad fi 5/4;2;252
Pocinkovana redukcija 5/4-1/2;2;129.9
Pocinkovana redukcija 5/4-1;1;129.9
Kugla ventil fi 5/4;1;1488.8
Klizna spojnica fi 5/4;1;1588
Pocinkovani muf fi 5/4;4;145.4
Pocinkovani dupli nipl fi 5/4;4;120.2
Map gas;1;688
Kudelja - 100 gr;1;145
Rezna ploča 125 mm;3;123.2
PPR muf fi 20-SN;1;275
PPR koleno fi 20/90;4;22
PPR cev fi 20;0.5;122
Prelazna guma fi 110;2;113
LG prelaz fi 110;1;1485
PVC cev fi 110/2000;1;790.36
PVC cev fi 110/1000;2;395.28
PVC cev fi 110/500;3;225.99
PVC cev fi 110/250;3;133.87
PVC klizna spojka fi 110;1;281.89
PVC luk fi 110/45;3;191.81
PVC luk fi 110/90;1;191.81
PVC revizija fi 110;1;329.03
LG prelaz fi 75;0;730
HL prelaz fi 75;0;3152
PVC cev fi 75/500;0;188.25
PVC cev fi 75/1000;0;310.85
PVC cev fi 75/2000;0;621.87
Prelazna guma fi 75;0;101
PVC klizna spojka fi 75;0;246.78
PVC cev fi 125/2000;2;1040.36
PVC cev fi 125/1000;3;535.01
PVC cev fi 125/500;4;284.93
PVC cev fi 125/250;2;173.69
PVC revizija fi 125;1;400
LG prelaz fi 125;1;1595
PVC klizna spojka fi 125;1;493.57
PVC luk fi 125/45;5;307.68
Prelazna guma fi 125;2;170
PVC cev fi 110/2000;1;790.36
LG prelaz fi 110;1;1485
Prelazna guma fi 110;2;113
Sikafleks;1;961.54
Pocinkovana cev fi 1;4;619
Pocinkovani T-komad fi 1;1;168.7
Klizna spojnica fi 1;1;964
Rezna ploča 125 mm;3;123.2
Pocinkovana redukcija 1-3/4;1;73.7
Pocinkovani dupli nipl fi 3/4;1;58.6
Klizna spojnica fi 3/4;1;634
PVC klizna spojka fi 110;1;281.89
Kugla ventil fi 1;3;918.8
Kugla ventil fi 1/2;0;428.9
Pocinkovana cev fi 1;7;619
Pocinkovana cev fi 1/2;3;200
Pocinkovani dupli nipl fi 1;6;83.4
Pocinkovani dupli nipl fi 1/2;1;44.6
Pocinkovani muf fi 1;1;102.8
Pocinkovani muf fi 1/2;3;44.6
Pocinkovani holender fi 1;2;261.7
Pocinkovani holender fi 1/2;1;191.9
Pocinkovana redukcija 5/4-1;2;129.9
Pocinkovana redukcija 5/4-1/2;2;129.9
Pocinkovano koleno fi 1;3;129.9
Pocinkovano koleno fi 1/2;2;52.4
Pocinkovani T-komad fi 5/4;0;252
Klizna spojnica fi 1/2;0;430
Klizna spojnica fi 1;0;964
Klizna spojnica fi 3/4;2;634
Pocinkovani muf fi 3/4;3;56.2
Kugla ventil fi 6/4;1;2212.3
Klizna spojnica fi 6/4;1;2650
Pocinkovani dupli nipl fi 6/4;1;184.2
Pocinkovana cev fi 6/4;0.6;1094
PVC kosa  račva-T fi 75/50;1;137.1
PVC luk fi 50/45;1;51.25
PVC luk fi 50/90;0;51.25
PVC cev fi 50/250;0;74.03
PVC redukcija fi 50/40;0;0
Kalijev sapun (kutija od 0,75 kg);1;342
Prelazna guma fi 50;1;80
LG prelaz fi 50;0;690
PVC račva-T fi 75/75;0;151.03
Pocinkovana cev fi 5/4;3;907
Pocinkovani holender fi 5/4;2;405.1
Pocinkovano koleno fi 5/4;2;193.8
Pocinkovani T-komad fi 5/4;1;252
Pocinkovani dupli nipl fi 5/4;2;120.2
Pocinkovana redukcija 5/4-1/2;1;129.9
Kugla ventil fi 5/4;1;1488.8
Pocinkovani dupli nipl fi 5/4;2;120.2
Klizna spojnica fi 5/4;1;1588
Pocinkovana cev fi 2;2;1200
Klizna spojnica fi 2;1;3716
Pocinkovani holender fi 2;0;827.3
Pocinkovani muf fi 2;1;295.9
Pocinkovana redukcija 1-3/4;1;73.7
Čep fi 3/4 ;1;44.6
Pocinkovana cev fi 1;3;619
Pocinkovani muf fi 1;2;102.8
Klizna spojnica fi 1;1;964
Pocinkovani dupli nipl fi 1;1;83.4
Pocinkovani T-komad fi 1;1;168.7
Virbla za propusni ventil fi 2;0;2300
Virbla za propusni ventil fi 5/4;1;1411
Pocinkovana cev fi 1;0;619
Pocinkovani holender fi 1;0;261.7
Kugla ventil fi 5/4;3;1488.8
Kugla ventil fi 1;2;918.8
Pocinkovani holender fi 5/4;2;405.1
Pocinkovani holender fi 1;2;261.7
Pocinkovano koleno fi 5/4;6;193.8
Pocinkovano koleno fi 1;5;129.9
Pocinkovana cev fi 5/4;4;907
Pocinkovana cev fi 1;4.5;619
Pocinkovani dupli nipl fi 5/4;5;120.2
Pocinkovani dupli nipl fi 1;4;83.4
Pocinkovano koleno fi 5/4;2;193.8
Pocinkovani T-komad fi 5/4;2;252
Pocinkovana redukcija 5/4-1;1;129.9
Pocinkovani dupli nipl fi 6/4;2;184.2
Pocinkovani dupli nipl fi 5/4;8;120.2
Pocinkovani dupli nipl fi 1;8;83.4
Kugla ventil fi 6/4;1;2212.3
Kugla ventil fi 5/4;3;1488.8
Kugla ventil fi 1;1;918.8
Pocinkovana cev fi 6/4;6;1094
Pocinkovana cev fi 5/4;6;907
Pocinkovana cev fi 1;2;619
Pocinkovani holender fi 6/4;1;536.9
Pocinkovani holender fi 5/4;2;405.1
Pocinkovani holender fi 1;1;261.7
Pocinkovani muf fi 5/4;1;145.4
Kudelja - 100 gr;1;145
Rezna ploča 125 mm;2;123.2
Pocinkovana cev fi 6/4;5;1094
Pocinkovani holender fi 6/4;3;536.9
Pocinkovano koleno fi 6/4;1;298.5
Pocinkovani dupli nipl fi 6/4;2;184.2
Pocinkovani muf fi 6/4;3;178.3
Kugla ventil fi 6/4;1;2212.3
Okiten fi 40;2;72
PP spojka fi 40;2;1079
Pocinkovani dupli nipl fi 6/4;2;184.2
Klizna spojnica fi 6/4;1;2650
Mesingani ventil fi 6/4;1;4865
Pocinkovana cev fi 6/4;1;1094
Mesingani ventil fi 2;0;6095
Pocinkovano koleno fi 2;0;416.8
Klizna spojnica fi 2;0;3716
Pocinkovani T-komad fi 2;0;521
Pocinkovani dupli nipl fi 2;0;270.9
Pocinkovana cev fi 2;0;1200
Kudelja - 100 gr;1;145
Rezna ploča 125 mm;2;123.2
LG prelaz fi 110;1;1485
Prelazna guma fi 110;2;113
PVC klizna spojka fi 110;1;281.89
PVC cev fi 110/1000;2;395.28
PVC revizija fi 110;1;329.03
Pocinkovana cev fi 3;12;1997
Pocinkovani holender fi 3;1;2434.8
Pocinkovani muf fi 3;1;823.6
Klizna spojnica fi 3;0;5285
Pocinkovana cev fi 6/4;2;1094
Pocinkovani holender fi 6/4;0;536.9
Pocinkovani dupli nipl fi 6/4;0;184.2
Rezna ploča 125 mm;2;123.2
Prelazna guma fi 110;2;113
LG prelaz fi 110;1;1485
PVC cev fi 110/2000;1;790.36
PVC cev fi 110/1000;2;395.28
PVC cev fi 110/500;3;225.99
PVC cev fi 110/250;3;133.87
PVC klizna spojka fi 110;1;281.89
PVC luk fi 110/45;3;191.81
PVC luk fi 110/90;1;191.81
PVC revizija fi 110;1;329.03
Silikon-tuba 280 ml;1;339
HL prelaz fi 110;1;3979
PVC luk fi 110/45;4;191.81
PVC luk fi 110/90;2;191.81
PVC redukcija fi 160/110;1;391.77
PVC klizna spojka fi 110;1;281.89
PVC revizija fi 110;1;329.03
PVC cev fi 110/2000;2;790.36
PVC cev fi 110/1000;0;395.28
PVC cev fi 110/500;2;225.99
Sikafleks;1;961.54
Kugla ventil fi 2 1/2;1;6132
Pocinkovani dupli nipl fi 2 1/2;2;452.2
Pocinkovani holender fi 2 1/2;1;1427.4
Pocinkovana cev fi 2 1/2;0.6;1335
Pocinkovani muf fi 2 1/2;1;521
PVC luk fi 110/90;1;191.81
PVC luk fi 110/45;0;191.81
PVC cev fi 110/250;1;133.87
PVC cev fi 110/2000;1;790.36
PVC cev fi 110/1000;0;395.28
PVC cev fi 110/500;1;225.99
PVC cev fi 110/250;2;133.87
PVC luk fi 110/45;2;191.81
PVC luk fi 110/90;1;191.81
LG prelaz fi 110;1;1485
Prelazna guma fi 110;1;113
Pocinkovano koleno fi 2;1;416.8
Pocinkovana cev fi 2;1.5;1200
Klizna spojnica fi 2;1;3716
Pocinkovani dupli nipl fi 2;2;270.9
Pocinkovana cev fi 6/4;3;1094
Klizna spojnica fi 6/4;2;2650
Pocinkovano koleno fi 6/4;2;298.5
Pocinkovana redukcija 2-6/4;2;222.4
Pocinkovani dupli nipl fi 6/4;4;184.2
Kudelja - 100 gr;1;145
Rezna ploča 125 mm;2;123.2
Pocinkovani holender fi 5/4;1;405.1
Prelazna guma fi 160;2;180
LG prelaz fi 110;2;1485
Prelazna guma fi 110;2;113
PVC redukcija fi 160/110;2;391.77
PVC luk fi 160/90;2;760.33
PVC kosa  račva-T fi 160/160;1;1365.96
Sikafleks;1;961.54
PVC cev fi 160/250;2;317.27
PVC cev fi 160/500;2;527.62
Pocinkovana cev fi 3/4;2;465
Pocinkovani dupli nipl fi 3/4;4;58.6
Kugla ventil fi 3/4;2;571.8
Klizna spojnica fi 3/4;2;634
Pocinkovani holender fi 3/4;2;236.5
PVC cev fi 75/1000;2;310.85
LG prelaz fi 75;1;730
Prelazna guma fi 75;2;101
PVC klizna spojka fi 75;1;246.78
PVC cev fi 75/500;1;188.25
Pocinkovana cev fi 5/4;2;907
Kugla ventil fi 5/4;1;1488.8
Klizna spojnica fi 5/4;1;1588
Pocinkovani dupli nipl fi 5/4;1;120.2
Pocinkovana cev fi 2 1/2;1;1335
Pocinkovani dupli nipl fi 2 1/2;2;452.2
Pocinkovani muf fi 2 1/2;1;521
Pocinkovano koleno fi 2 1/2;1;731.4
Kugla ventil fi 5/4;2;1488.8
Kugla ventil fi 1;1;918.8
Klizna spojnica fi 5/4;2;1588
Klizna spojnica fi 1;1;964
Pocinkovani dupli nipl fi 5/4;4;120.2
Pocinkovani dupli nipl fi 1;2;83.4
Pocinkovana cev fi 5/4;3;907
Pocinkovana cev fi 1;1;619
Virbla za propusni ventil fi 1/2;2;374
Kugla ventil fi 5/4;2;1488.8
Kugla ventil fi 6/4;1;2212.3
Pocinkovani holender fi 5/4;2;405.1
Pocinkovani holender fi 6/4;1;536.9
Pocinkovani dupli nipl fi 5/4;4;120.2
Pocinkovani dupli nipl fi 6/4;2;184.2
Pocinkovana redukcija 6/4-5/4;2;151.2
Pocinkovana cev fi 5/4;4;907
Pocinkovano koleno fi 5/4;1;193.8
Klizna spojnica fi 5/4;1;1588
Pocinkovani muf fi 5/4;2;145.4
Pocinkovani dupli nipl fi 5/4;1;120.2
Rezna ploča 125 mm;3;123.2
Kudelja - 100 gr;1;145
Map gas;1;688
Pocinkovani dupli nipl fi 2;2;270.9
Pocinkovani dupli nipl fi 6/4;6;184.2
Kugla ventil fi 2;1;2715
Kugla ventil fi 6/4;3;2212.3
Pocinkovana cev fi 2;1;1200
Pocinkovana cev fi 6/4;3.5;1094
Pocinkovani holender fi 6/4;2;536.9
Klizna spojnica fi 6/4;1;2650
Klizna spojnica fi 2;1;3716
Kugla ventil fi 1;1;918.8
Klizna spojnica fi 1;1;964
Pocinkovani dupli nipl fi 1;2;83.4
Rezna ploča 125 mm;2;123.2
Kugla ventil fi 3/4;1;571.8
Pocinkovani dupli nipl fi 3/4;2;58.6
Klizna spojnica fi 3/4;1;634
PVC cev fi 160/1000;1;879.43
PVC cev fi 160/500;1;527.62
PVC cev fi 160/250;2;317.27
LG prelaz fi 160;1;2220
Prelazna guma fi 160;4;180
PVC revizija fi 160;2;1629
PVC kosa  račva-T fi 160/160;1;1365.96
PVC redukcija fi 160/125;2;413.56
PVC klizna spojka fi 160;2;489.36
LG prelaz fi 125;1;1595
Prelazna guma fi 125;2;170
PVC cev fi 125/2000;3;1040.36
PVC cev fi 125/1000;1;535.01
PVC revizija fi 125;1;400
PVC klizna spojka fi 125;1;493.57
Sikafleks;1;961.54
PVC luk fi 160/45;1;760.3
PVC cev fi 125/500;1;284.93
Rezna ploča 125 mm;4;123.2
PVC cev fi 110/1000;2;395.28
PVC cev fi 110/500;1;225.99
LG prelaz fi 110;1;1485
PVC klizna spojka fi 110;1;281.89
Prelazna guma fi 110;2;113
Pocinkovana cev fi 5/4;3;907
Klizna spojnica fi 5/4;1;1588
Pocinkovani dupli nipl fi 5/4;2;120.2
Pocinkovani muf fi 5/4;1;145.4
PVC cev fi 110/2000;1;790.36
PVC cev fi 110/1000;1;395.28
PVC cev fi 110/500;2;225.99
PVC cev fi 110/250;2;133.87
LG prelaz fi 110;1;1485
HL prelaz fi 110;1;3979
Prelazna guma fi 110;2;113
Sikafleks;1;961.54
PVC kosa  račva-T fi 110/110;1;349.21
PVC luk fi 50/45;4;51.25
PVC cev fi 50/250;2;74.03
Prelazna guma fi 75;1;101
PVC redukcija fi 50/40;1;0
PVC cev fi 40/250;1;0
LG prelaz fi 75;1;730
PVC cev fi 50/500;1;119.44
Sikafleks;1;961.54
PVC cev fi 160/1000;3;879.43
PVC cev fi 160/500;0;527.62
PVC cev fi 160/250;1;317.27
PVC klizna spojka fi 160;1;489.36
Kugla ventil fi 2;1;2715
Klizna spojnica fi 2;1;3716
Pocinkovani dupli nipl fi 2;2;270.9
Pocinkovani muf fi 2;1;295.9
Pocinkovani T-komad fi 1;1;168.7
Klizna spojnica fi 1;1;964
Pocinkovani dupli nipl fi 1;1;83.4
Pocinkovani muf fi 1;1;102.8
Pocinkovana redukcija 1-1/2;1;81.4
Pocinkovani dupli nipl fi 1/2;1;44.6
Mesingani ventil fi 1/2;1;633
Pocinkovani dupli nipl fi 6/4;2;184.2
Pocinkovani holender fi 6/4;1;536.9
Pocinkovana redukcija 6/4-5/4;1;151.2
Pocinkovani T-komad fi 5/4;1;252
Pocinkovana cev fi 5/4;1;907
Pocinkovana redukcija 5/4-1/2;1;129.9
Pocinkovani dupli nipl fi 1/2;1;44.6
Klizna spojnica fi 1/2;1;430
Klizna spojnica fi 5/4;1;1588
Pocinkovana cev fi 3/4;4;465
Pocinkovano koleno fi 3/4;8;77.6
Pocinkovani T-komad fi 3/4;1;96.9
Pocinkovani dupli nipl fi 3/4;6;58.6
Mesingani ventil fi 3/4;1;869
Klizna spojnica fi 3/4;1;634
Keramički prelaz fi 110;1;1595
PVC kosa  račva-T fi 110/75;1;258.24
PVC klizna spojka fi 110;1;281.89
PVC cev fi 110/500;2;225.99
PVC cev fi 110/250;2;133.87
PVC račva-T fi 110/50;1;205.31
PVC cev fi 50/500;1;119.44
PVC redukcija fi 50/32;1;0
Staklarski git (tuba 1 kg);2;165
Pocinkovani dupli nipl fi 5/4;16;120.2
Pocinkovana cev fi 5/4;10;907
Pocinkovani holender fi 5/4;8;405.1
Kugla ventil fi 5/4;8;1488.8
Rezna ploča 125 mm;2;123.2
Mesingani ventil fi 2;2;6095
Pocinkovano koleno fi 2;2;416.8
Klizna spojnica fi 2;2;3716
Pocinkovani T-komad fi 2;1;521
Pocinkovani dupli nipl fi 2;6;270.9
Pocinkovana cev fi 2;3;1200
Kugla ventil fi 5/4;6;1488.8
Kugla ventil fi 1/2;6;428.9
Pocinkovani holender fi 5/4;6;405.1
Pocinkovani dupli nipl fi 5/4;20;120.2
Pocinkovani dupli nipl fi 1/2;20;44.6
Pocinkovani T-komad fi 5/4;6;252
Pocinkovana redukcija 5/4-1/2;6;129.9
Pocinkovana cev fi 1/2;3;200
Pocinkovana cev fi 5/4;6;907
Pocinkovano koleno fi 1/2;6;52.4
PVC revizija fi 110;0;329.03
LG prelaz fi 110;0;1485
HL prelaz fi 110;0;3979
PVC cev fi 110/2000;0;790.36
PVC cev fi 110/500;0;225.99
Prelazna guma fi 110;0;113
PVC klizna spojka fi 110;0;281.89
Rezna ploča 125 mm;3;123.2
Sikafleks;1;961.54
PVC revizija fi 110;1;329.03
PVC luk fi 110/45;2;191.81
PVC cev fi 110/1000;2;395.28
PVC cev fi 110/250;1;133.87
PVC klizna spojka fi 110;1;281.89
PVC luk fi 110/90;1;191.81
PVC cev fi 110/500;2;225.99
Pocinkovana cev fi 6/4;7;1094
Pocinkovani muf fi 6/4;3;178.3
Pocinkovani holender fi 6/4;1;536.9
PVC cev fi 110/1000;1;395.28
PVC cev fi 110/500;1;225.99
LG prelaz fi 110;1;1485
HL prelaz fi 110;1;3979
PVC klizna spojka fi 110;1;281.89
Prelazna guma fi 110;1;113
Pocinkovana cev fi 5/4;3;907
Pocinkovana redukcija 5/4-1/2;1;129.9
Klizna spojnica fi 5/4;1;1588
Pocinkovani dupli nipl fi 5/4;2;120.2
Pocinkovani T-komad fi 5/4;1;252
Pocinkovani muf fi 5/4;3;145.4
Virbla za propusni ventil fi 2;1;2300
Kugla ventil fi 1;1;918.8
Pocinkovano koleno fi 1;1;129.9
Pocinkovani dupli nipl fi 1;3;83.4
Pocinkovani holender fi 1;1;261.7
Pocinkovana cev fi 5/4;0;907
Pocinkovani dupli nipl fi 5/4;0;120.2
Klizna spojnica fi 5/4;0;1588
Pocinkovani muf fi 5/4;0;145.4
PVC cev fi 110/2000;1;790.36
PVC cev fi 110/500;0;225.99
LG prelaz fi 110;1;1485
HL prelaz fi 110;0;3979
PVC klizna spojka fi 110;2;281.89
Prelazna guma fi 110;2;113
PVC cev fi 160/1000;4;879.43
PVC cev fi 160/500;3;527.62
PVC cev fi 160/250;2;317.27
PVC klizna spojka fi 160;2;489.36
PVC redukcija fi 200/160;2;896.87
Prelazna guma fi 160;1;180
Staklarski git (tuba 1 kg);2;165
PVC luk fi 160/45;2;760.3
PVC luk fi 160/90;1;760.33
Okiten fi 63;15;175
PP poluspojka fi 63;4;2372
Rezna ploča 125 mm;5;123.2
Pocinkovano koleno fi 2;2;416.8
LG prelaz fi 110;1;1485
PVC revizija fi 110;1;329.03
PVC klizna spojka fi 110;1;281.89
PVC cev fi 110/2000;1;790.36
PVC cev fi 110/250;1;133.87
Sikafleks;1;961.54
Prelazna guma fi 110;2;113
Pocinkovana cev fi 5/4;3;907
Pocinkovani muf fi 5/4;1;145.4
Klizna spojnica fi 5/4;1;1588
Pocinkovani dupli nipl fi 5/4;2;120.2
PVC cev fi 110/500;2;225.99
HL prelaz fi 110;1;3979
LG prelaz fi 110;1;1485
PVC klizna spojka fi 110;1;281.89
Prelazna guma fi 110;2;113
Rezna ploča 125 mm;2;123.2
Pocinkovani dupli nipl fi 2;1;270.9
Pocinkovani muf fi 2;1;295.9
Čep fi 2;1;173
PPR cev fi 25;80;193
PPR cev fi 20;20;122
PPR koleno fi 25/90;26;31.4
PPR koleno fi 20/90;15;22
PPR muf fi 25;8;21.68
PPR muf fi 20;6;18.35
PPR T-komad fi 25;7;45
PPR ventil-točak fi 25;3;741
PPR obujmica fi 25;30;22
PPR redukcija fi 25/20;8;18
PPR muf fi 25-SN;4;403
PPR muf fi 25-UN;0;285
PPR muf fi 20-SN;2;275
PPR muf fi 20-UN;4;250
Mesingani ventil fi 3/4;1;869
Pocinkovani dupli nipl fi 6/4;1;184.2
Pocinkovani muf fi 6/4;1;178.3
Klizna spojnica fi 6/4;1;2650
Pocinkovana cev fi 6/4;2.5;1094
Kugla ventil fi 2 1/2;1;6132
Klizna spojnica fi 2 1/2;1;4402
Pocinkovani holender fi 2;2;827.3
Pocinkovani T-komad fi 2;1;521
Pocinkovani muf fi 2;4;295.9
Pocinkovana cev fi 2;8;1200
Pocinkovano koleno fi 2;2;416.8
Pocinkovana cev fi 1;6;619
Pocinkovana cev fi 5/4;6;907
Pocinkovano koleno fi 1;1;129.9
Pocinkovano koleno fi 5/4;1;193.8
Kugla ventil fi 1;2;918.8
Kugla ventil fi 5/4;2;1488.8
Pocinkovani holender fi 1;1;261.7
Pocinkovani holender fi 5/4;1;405.1
Pocinkovana cev fi 5/4;2;907
Klizna spojnica fi 5/4;1;1588
Pocinkovani dupli nipl fi 5/4;1;120.2
PVC cev fi 160/1000;1;879.43
PVC cev fi 160/250;1;317.27
PVC klizna spojka fi 160;1;489.36
LG prelaz fi 160;1;2220
Sikafleks;1;961.54
Rezna ploča 125 mm;1;123.2
Prelazna guma fi 160;2;180
Kugla ventil fi 2;1;2715
Pocinkovani holender fi 2;1;827.3
Pocinkovana cev fi 2;1.5;1200
Kudelja - 100 gr;1;145
Pocinkovana cev fi 2;14;1200
Pocinkovani T-komad fi 2;2;521
Kugla ventil fi 2;1;2715
Kugla ventil fi 2 1/2;2;6132
Pocinkovani holender fi 2;3;827.3
Pocinkovano koleno fi 2;7;416.8
Pocinkovana redukcija 2 1/2-2;2;375.4
Pocinkovani dupli nipl fi 2;5;270.9
Pocinkovani dupli nipl fi 2 1/2;0;452.2
Pocinkovani muf fi 2;0;295.9
Klizna spojnica fi 2 1/2;0;4402
Pocinkovana cev fi 2 1/2;0.5;1335
Prelazna guma fi 110;2;113
HL prelaz fi 110;0;3979
LG prelaz fi 110;1;1485
PVC cev fi 110/250;1;133.87
PVC cev fi 110/2000;1;790.36
PVC klizna spojka fi 110;1;281.89
Rezna ploča 125 mm;2;123.2
Pocinkovana cev fi 2;1.5;1200
Pocinkovani dupli nipl fi 2;2;270.9
Pocinkovani muf fi 2;1;295.9
Pocinkovano koleno fi 2;2;416.8
Pocinkovani holender fi 2;1;827.3
PVC cev fi 200/1000;2;1403.43
PVC cev fi 200/500;0;778.61
PVC luk fi 200/90;0;1576.49
PVC redukcija fi 250/200;0;4210
Kugla ventil fi 5/4;1;1488.8
Pocinkovana cev fi 5/4;3;907
Pocinkovani dupli nipl fi 5/4;2;120.2
Klizna spojnica fi 5/4;1;1588
Pocinkovani holender fi 5/4;1;405.1
Pocinkovana cev fi 6/4;1.5;1094
Pocinkovani dupli nipl fi 6/4;1;184.2
Klizna spojnica fi 6/4;1;2650
Kugla ventil fi 5/4;9;1488.8
Kugla ventil fi 1;7;918.8
Kugla ventil fi 3/4;1;571.8
Pocinkovani dupli nipl fi 5/4;12;120.2
Pocinkovani dupli nipl fi 1;6;83.4
Pocinkovani dupli nipl fi 3/4;2;58.6
Pocinkovani holender fi 5/4;6;405.1
Pocinkovani holender fi 1;3;261.7
Pocinkovani holender fi 3/4;1;236.5
Pocinkovana cev fi 5/4;10;907
Pocinkovana cev fi 1;5;619
Pocinkovana cev fi 3/4;1;465
Klizna spojnica fi 5/4;2;1588
Klizna spojnica fi 1;2;964
Klizna spojnica fi 3/4;1;634
Kudelja - 100 gr;2;145
Prelazna guma fi 160;1;180
PVC redukcija fi 160/125;1;413.56
PVC luk fi 160/90;1;760.33
PVC luk fi 160/45;2;760.3
PVC cev fi 160/1000;2;879.43
PVC cev fi 160/500;1;527.62
PVC cev fi 160/250;1;317.27
PVC kosa  račva-T fi 160/110;1;884.34
PVC račva-T fi 160/110;2;830.69
PVC redukcija fi 110/50;2;109.67
PVC luk fi 50/45;6;51.25
PVC cev fi 50/250;3;74.03
PVC luk fi 50/90;3;51.25
Sikafleks;1;961.54
LG prelaz fi 125;1;1595
Prelazna guma fi 125;1;170
Kuplung spojnica fi 5/4;3;800
Sikafleks;1;961.54
PPR koleno fi 20 UN;6;235
Pocinkovani muf fi 1/2;1;44.6
Čep fi 1/2;4;39.7
PPR čep fi 20;2;15
PPR ventil-kapa fi 20;10;630
Pocinkovana cev fi 2 1/2;13;1335
Mesingani ventil fi 2 1/2;1;8500
Pocinkovano koleno fi 2 1/2;4;731.4
Pocinkovani holender fi 2 1/2;1;1427.4
Klizna spojnica fi 2 1/2;0;4402
Pocinkovani muf fi 2 1/2;3;521
Pocinkovana redukcija 2 1/2-5/4;1;375.4
Kugla ventil fi 5/4;1;1488.8
Klizna spojnica fi 5/4;1;1588
Pocinkovani dupli nipl fi 5/4;2;120.2
Map gas;1;688
Pocinkovana cev fi 5/4;2;907
Klizna spojnica fi 5/4;1;1588
Pocinkovani dupli nipl fi 5/4;1;120.2
Kugla ventil fi 6/4;0;2212.3
Klizna spojnica fi 6/4;0;2650
Pocinkovani dupli nipl fi 6/4;0;184.2
Rezna ploča 125 mm;2;123.2
Map gas;1;688
Pocinkovana cev fi 2;11;1200
Pocinkovani muf fi 2;5;295.9
Klizna spojnica fi 2;1;3716
Rezna ploča 125 mm;2;123.2
PVC revizija fi 160;1;1629
LG prelaz fi 160;3;2220
PVC cev fi 160/2000;2;1710
PVC cev fi 160/1000;4;879.43
PVC cev fi 160/500;2;527.62
PVC klizna spojka fi 160;4;489.36
PVC luk fi 160/45;2;760.3
PVC luk fi 160/90;1;760.33
Prelazna guma fi 160;5;180
Map gas;1;688
Rezna ploča 125 mm;3;123.2
PVC revizija fi 160;2;1629
LG prelaz fi 160;3;2220
PVC cev fi 160/2000;3;1710
PVC cev fi 160/1000;3;879.43
PVC cev fi 160/500;2;527.62
PVC klizna spojka fi 160;1;489.36
PVC luk fi 160/45;2;760.3
PVC luk fi 160/90;0;760.33
Prelazna guma fi 160;2;180
Map gas;1;688
Rezna ploča 125 mm;3;123.2
PVC račva-T fi 160/160;1;1300.91
PVC luk fi 75/45;2;85.09
HL prelaz fi 75;1;3152
PVC račva-T fi 160/110;1;830.69
PVC redukcija fi 110/75;1;114.9
Pocinkovana cev fi 2;2;1200
Pocinkovana redukcija 2-1/2;1;227.2
Pocinkovano koleno fi 2;2;416.8
Pocinkovani dupli nipl fi 2;5;270.9
Kugla ventil fi 2;1;2715
Pocinkovani holender fi 2;1;827.3
Rezna ploča 125 mm;2;123.2
Kalijev sapun (kutija od 0,75 kg);1;342
Klizna spojnica fi 2;1;3716
Pocinkovana cev fi 6/4;11;1094
Pocinkovano koleno fi 6/4;3;298.5
Klizna spojnica fi 6/4;1;2650
Pocinkovani muf fi 6/4;4;178.3
LG prelaz fi 110;1;1485
PVC revizija fi 110;1;329.03
PVC klizna spojka fi 110;1;281.89
PVC cev fi 110/2000;1;790.36
PVC cev fi 110/250;1;133.87
Sikafleks;1;961.54
LG prelaz fi 110;1;1485
PVC revizija fi 110;1;329.03
PVC klizna spojka fi 110;1;281.89
PVC cev fi 110/2000;1;790.36
PVC cev fi 110/250;1;133.87
Sikafleks;1;961.54
Pocinkovani T-komad fi 6/4;1;323.7
Pocinkovana redukcija 6/4-5/4;2;151.2
Pocinkovana cev fi 5/4;4;907
Pocinkovani holender fi 5/4;1;405.1
Kugla ventil fi 5/4;1;1488.8
Kugla ventil fi 5/4;3;1488.8
Pocinkovani dupli nipl fi 5/4;3;120.2
Pocinkovani holender fi 5/4;3;405.1
Pocinkovana cev fi 6/4;2;1094
Klizna spojnica fi 6/4;1;2650
Pocinkovani dupli nipl fi 6/4;1;184.2
Kugla ventil fi 1;1;918.8
Pocinkovani dupli nipl fi 1;1;83.4
Klizna spojnica fi 1;1;964
Kugla ventil fi 5/4;3;1488.8
Pocinkovani dupli nipl fi 5/4;3;120.2
Pocinkovani holender fi 5/4;3;405.1
Pocinkovana cev fi 6/4;0;1094
Klizna spojnica fi 6/4;0;2650
Pocinkovani dupli nipl fi 6/4;0;184.2
Pocinkovani T-komad fi 6/4;0;323.7
Pocinkovana redukcija 6/4-5/4;0;151.2
Pocinkovani holender fi 5/4;0;405.1
Kugla ventil fi 5/4;0;1488.8
Pocinkovani muf fi 5/4;0;145.4
Kugla ventil fi 1;1;918.8
Pocinkovani dupli nipl fi 1;1;83.4
Klizna spojnica fi 1;1;964
Rezna ploča 125 mm;2;123.2
Pocinkovana cev fi 5/4;2.5;907
Klizna spojnica fi 5/4;1;1588
Pocinkovani dupli nipl fi 5/4;1;120.2
Pocinkovani muf fi 5/4;1;145.4
Klizna spojnica fi 1;1;964
Kudelja - 100 gr;1;145
Rezna ploča 125 mm;1;123.2
Pocinkovana cev fi 6/4;0.6;1094
Pocinkovani holender fi 6/4;1;536.9
Pocinkovano koleno fi 6/4;1;298.5
Gajger slivnik fi 160;1;0
PVC klizna spojka fi 160;1;489.36
PVC redukcija fi 160/125;1;413.56
PVC luk fi 160/45;4;760.3
PVC revizija fi 160;1;1629
PVC cev fi 160/2000;2;1710
PVC cev fi 160/1000;1;879.43
PVC cev fi 160/500;2;527.62
PVC luk fi 125/45;6;307.68
PVC cev fi 125/1000;2;535.01
PVC cev fi 125/500;1;284.93
PVC cev fi 125/250;3;173.69
Keramički prelaz fi 125;1;2520
Staklarski git (tuba 1 kg);1;165
Pocinkovana redukcija 5/4-3/4;1;129.9
Pocinkovana cev fi 3/4;1.5;465
Klizna spojnica fi 3/4;1;634
Pocinkovani dupli nipl fi 3/4;2;58.6
PVC cev fi 110/2000;1;790.36
PVC cev fi 110/1000;1;395.28
PVC klizna spojka fi 110;1;281.89
Prelazna guma fi 110;1;113
Sikafleks;1;961.54
Pocinkovana cev fi 2;4;1200
Pocinkovano koleno fi 2;4;416.8
Pocinkovani holender fi 2;2;827.3
Kugla ventil fi 2;1;2715
Pocinkovani muf fi 2;3;295.9
Pocinkovani dupli nipl fi 2;4;270.9
Pocinkovana cev fi 5/4;4;907
Klizna spojnica fi 5/4;1;1588
Pocinkovani muf fi 5/4;1;145.4
Pocinkovana redukcija 5/4-1/2;1;129.9
Pocinkovani holender fi 1/2;1;191.9
Pocinkovani dupli nipl fi 1/2;2;44.6
Pocinkovani dupli nipl fi 1;1;83.4
Klizna spojnica fi 1;1;964
Kugla ventil fi 1;1;918.8
PVC klizna spojka fi 110;1;281.89
PVC cev fi 110/250;1;133.87
Pocinkovana cev fi 5/4;5;907
Pocinkovano koleno fi 5/4;1;193.8
Kugla ventil fi 5/4;1;1488.8
Klizna spojnica fi 5/4;1;1588
Pocinkovani dupli nipl fi 5/4;2;120.2
Kuplung spojnica fi 2;1;1520
Rezna ploča 125 mm;3;123.2
Kudelja - 100 gr;2;145
Pocinkovani muf fi 5/4;3;145.4
Pocinkovana cev fi 2 1/2;1;1335
Pocinkovani T-komad fi 2 1/2;1;1112.7
Pocinkovani T-komad fi 3;1;1573.1
Pocinkovana redukcija 3-2 1/2;1;599.2
Pocinkovana redukcija 3-6/4;1;846
Pocinkovana redukcija 2 1/2-6/4;1;375
Pocinkovano koleno fi 5/4;2;193.8
Pocinkovani dupli nipl fi 5/4;4;120.2
Kugla ventil fi 6/4;2;2212.3
Pocinkovana redukcija 6/4-5/4;2;151.2
Pocinkovani dupli nipl fi 6/4;4;184.2
Klizna spojnica fi 5/4;2;1588
Pocinkovani dupli nipl fi 2 1/2;2;452.2
Klizna spojnica fi 2 1/2;1;4402
PPR cev fi 25;6;193
PPR koleno fi 25/90;4;31.4
PPR muf fi 25-SN;1;403
PPR muf fi 25-UN;1;285
PPR T-komad fi 25;1;45
PPR muf fi 25;3;21.68
Pocinkovana cev fi 6/4;14;1094
Kugla ventil fi 6/4;2;2212.3
Klizna spojnica fi 6/4;2;2650
Pocinkovani dupli nipl fi 6/4;4;184.2
Pocinkovani muf fi 6/4;5;178.3
Pocinkovano koleno fi 6/4;6;298.5
Rezna ploča 125 mm;5;123.2
Map gas;1;688
Kudelja - 100 gr;2;145
Kugla ventil fi 3/4;1;571.8
Kugla ventil fi 1;1;918.8
Klizna spojnica fi 1;1;964
Klizna spojnica fi 3/4;1;634
Pocinkovani dupli nipl fi 1;2;83.4
Pocinkovani dupli nipl fi 3/4;2;58.6
Pocinkovana cev fi 3/4;1;465
Pocinkovana cev fi 1;1;619
Kugla ventil fi 1;1;918.8
Klizna spojnica fi 1;1;964
Pocinkovani dupli nipl fi 1;2;83.4
Virbla za propusni ventil fi 5/4;2;1411
Pocinkovana cev fi 5/4;4;907
Pocinkovano koleno fi 5/4;1;193.8
Pocinkovana redukcija 5/4-1;1;129.9
Pocinkovani muf fi 5/4;2;145.4
Klizna spojnica fi 5/4;1;1588
Pocinkovani dupli nipl fi 5/4;1;120.2
PVC cev fi 110/500;1;225.99
PVC klizna spojka fi 110;1;281.89
PVC revizija fi 110;1;329.03
PVC cev fi 110/500;2;225.99
PVC cev fi 110/250;4;133.87
PVC klizna spojka fi 110;2;281.89
PVC kosa  račva-T fi 110/110;1;349.21
HL prelaz fi 110;1;3979
LG prelaz fi 110;2;1485
Prelazna guma fi 110;2;113
Kugla ventil fi 1/2;2;428.9
Pocinkovana cev fi 2;1;1200
PVC cev fi 110/2000;1;790.36
PVC cev fi 110/500;3;225.99
PVC revizija fi 110;1;329.03
PVC luk fi 110/45;2;191.81
HL prelaz fi 110;1;3979
LG prelaz fi 110;2;1485
Prelazna guma fi 110;2;113
HL prelaz fi 110;1;3979
PVC kosa  račva-T fi 110/110;1;349.21
PVC cev fi 110/2000;1;790.36
PVC cev fi 110/1000;0;395.28
PVC cev fi 110/500;1;225.99
PVC cev fi 110/250;1;133.87
PVC klizna spojka fi 110;2;281.89
Pocinkovana cev fi 6/4;2;1094
Pocinkovana cev fi 5/4;1;907
Kugla ventil fi 6/4;1;2212.3
Pocinkovani dupli nipl fi 6/4;2;184.2
Pocinkovani T-komad fi 6/4;1;323.7
Pocinkovana redukcija 6/4-5/4;1;151.2
Klizna spojnica fi 6/4;1;2650
Klizna spojnica fi 5/4;1;1588
Kugla ventil fi 5/4;7;1488.8
Pocinkovani holender fi 5/4;7;405.1
Pocinkovani dupli nipl fi 5/4;14;120.2
Pocinkovana cev fi 2;4;1200
Kugla ventil fi 2;2;2715
Pocinkovano koleno fi 2;3;416.8
Pocinkovani dupli nipl fi 2;7;270.9
Pocinkovani muf fi 2;3;295.9
Pocinkovani T-komad fi 2;1;521
Pocinkovana redukcija 2 1/2-2;1;375.4
Pocinkovani holender fi 2;3;827.3
Klizna spojnica fi 2;2;3716
Pocinkovana cev fi 5/4;4;907
Klizna spojnica fi 5/4;1;1588
Pocinkovani dupli nipl fi 5/4;2;120.2
Pocinkovani muf fi 5/4;1;145.4
Pocinkovani T-komad fi 5/4;1;252
Pocinkovana redukcija 5/4-1/2;1;129.9
Kalijev sapun (kutija od 0,75 kg);1;342
Pocinkovano koleno fi 6/4;1;298.5
Pocinkovani T-komad fi 6/4;2;323.7
Pocinkovana redukcija 6/4-5/4;1;151.2
Pocinkovani dupli nipl fi 5/4;2;120.2
Pocinkovani dupli nipl fi 6/4;4;184.2
Pocinkovana redukcija 6/4-1/2;1;151.2
Pocinkovana cev fi 6/4;2.5;1094
Klizna spojnica fi 6/4;1;2650
PPR muf fi 20;1;18.35
Rezna ploča 230 mm;2;290
Rezna ploča 125 mm;2;123.2
PVC cev fi 110/2000;1;790.36
PVC klizna spojka fi 110;1;281.89
Prelazna guma fi 110;1;113
Sikafleks;1;961.54
Kugla ventil fi 5/4;5;1488.8
Pocinkovani dupli nipl fi 5/4;9;120.2
Klizna spojnica fi 5/4;5;1588
Pocinkovani holender fi 5/4;2;405.1
Virbla za propusni ventil fi 5/4;2;1411
Pocinkovana cev fi 5/4;3;907
Pocinkovana redukcija 6/4-5/4;3;151.2
Pocinkovana cev fi 6/4;2;1094
Klizna spojnica fi 6/4;1;2650
PVC cev fi 110/2000;1;790.36
PVC cev fi 110/1000;2;395.28
PVC cev fi 110/500;1;225.99
PVC cev fi 110/250;1;133.87
LG prelaz fi 110;1;1485
Prelazna guma fi 110;2;113
PVC luk fi 110/45;4;191.81
PVC revizija fi 110;1;329.03
Sikafleks;1;961.54
Rezna ploča 125 mm;3;123.2
PVC revizija fi 110;1;329.03
PVC klizna spojka fi 110;1;281.89
PVC cev fi 110/500;1;225.99
Kuplung spojnica fi 5/4;1;800
PVC cev fi 125/2000;2;1040.36
PVC cev fi 125/500;2;284.93
LG prelaz fi 125;2;1595
Prelazna guma fi 125;4;170
PVC revizija fi 125;2;400
PVC klizna spojka fi 125;2;493.57
Sikafleks;1;961.54
Map gas;1;688
LG prelaz fi 110;1;1485
PVC klizna spojka fi 110;1;281.89
PVC cev fi 110/1000;3;395.28
PVC cev fi 110/500;2;225.99
Prelazna guma fi 110;1;113
PVC cev fi 160/1000;6;879.43
PVC cev fi 160/500;0;527.62
PVC klizna spojka fi 160;1;489.36
PVC luk fi 160/45;2;760.3
PVC cev fi 110/1000;2;395.28
PVC cev fi 110/500;2;225.99
PVC cev fi 110/250;1;133.87
PVC redukcija fi 160/110;1;391.77
PVC cev fi 125/2000;2;1040.36
PVC cev fi 125/1000;4;535.01
PVC cev fi 125/500;2;284.93
PVC revizija fi 125;2;400
PVC kosa  račva-T fi 125/125;2;527.46
PVC luk fi 125/45;8;307.68
PVC luk fi 125/90;2;307.68
LG prelaz fi 125;2;1595
Prelazna guma fi 125;4;170
Rezna ploča 125 mm;3;123.2
PPR ventil-točak fi 32;0;1231
PPR muf fi 32;0;59.6
PPR koleno fi 32/90;0;91
PPR cev fi 32;2;324
PVC cev fi 110/1000;2;395.28
PVC cev fi 110/500;2;225.99
PVC cev fi 110/250;2;133.87
PVC luk fi 110/45;4;191.81
PVC luk fi 110/90;2;191.81
PVC revizija fi 110;1;329.03
Prelazna guma fi 110;2;113
LG prelaz fi 110;1;1485
PVC klizna spojka fi 110;1;281.89
Pocinkovana cev fi 1;1.5;619
Klizna spojnica fi 1;1;964
PVC cev fi 75/2000;1;621.87
HL prelaz fi 75;1;3152
PVC klizna spojka fi 75;2;246.78
Prelazna guma fi 75;1;101
PVC cev fi 110/2000;1;790.36
PVC cev fi 110/500;2;225.99
PVC revizija fi 110;0;329.03
PVC klizna spojka fi 110;1;281.89
LG prelaz fi 110;1;1485
Prelazna guma fi 110;2;113
HL prelaz fi 110;0;3979
Prelazna guma fi 110;-2;113
LG prelaz fi 110;0;1485
PVC luk fi 110/45;1;191.81
PVC luk fi 110/90;0;191.81
PVC cev fi 110/250;2;133.87
PVC cev fi 110/1000;0;395.28
PVC revizija fi 110;1;329.03
PVC klizna spojka fi 110;0;281.89
PVC cev fi 125/2000;0;1040.36
PVC cev fi 125/500;0;284.93
PVC luk fi 125/45;0;307.68
PVC klizna spojka fi 125;0;493.57
HL prelaz fi 110;1;3979
LG prelaz fi 110;2;1485
Prelazna guma fi 110;3;113
PVC kosa  račva-T fi 110/110;1;349.21
PVC klizna spojka fi 110;1;281.89
PVC cev fi 110/250;3;133.87
PVC cev fi 110/500;1;225.99
PVC cev fi 110/2000;1;790.36
PVC luk fi 110/45;1;191.81
Rezna ploča 125 mm;2;123.2
Sikafleks;1;961.54
Pocinkovana cev fi 6/4;14;1094
Kugla ventil fi 6/4;2;2212.3
Klizna spojnica fi 6/4;2;2650
Pocinkovani dupli nipl fi 6/4;4;184.2
Pocinkovani muf fi 6/4;5;178.3
Pocinkovano koleno fi 6/4;6;298.5
Rezna ploča 125 mm;5;123.2
Kudelja - 100 gr;1;145
Map gas;1;688
PVC redukcija fi 125/110;2;221.52
PVC cev fi 110/1000;2;395.28
PVC klizna spojka fi 110;2;281.89
LG prelaz fi 110;2;1485
Prelazna guma fi 110;2;113
PVC revizija fi 110;2;329.03
PVC cev fi 110/2000;1;790.36
PVC cev fi 110/2000;1;790.36
PVC cev fi 110/250;0;133.87
HL prelaz fi 110;1;3979
LG prelaz fi 110;1;1485
PVC klizna spojka fi 110;1;281.89
Prelazna guma fi 110;0;113
Kugla ventil fi 6/4;1;2212.3
Pocinkovani dupli nipl fi 6/4;1;184.2
Klizna spojnica fi 6/4;1;2650
Pocinkovana cev fi 6/4;1;1094
Kudelja - 100 gr;1;145
Kalijev sapun (kutija od 0,75 kg);1;342
PVC cev fi 160/2000;3;1710
PVC cev fi 160/1000;3;879.43
PVC cev fi 160/500;4;527.62
PVC cev fi 110/1000;1;395.28
PVC klizna spojka fi 160;1;489.36
PVC klizna spojka fi 110;1;281.89
PVC kosa  račva-T fi 160/110;1;884.34
PVC revizija fi 160;1;1629
PVC luk fi 160/90;2;760.33
PVC luk fi 160/45;2;760.3
LG prelaz fi 160;2;2220
LG prelaz fi 110;1;1485
PVC revizija fi 110;1;329.03
PVC redukcija fi 200/160;3;896.87
Prelazna guma fi 160;2;180
Prelazna guma fi 110;2;113
PVC cev fi 75/1000;2;310.85
PVC cev fi 75/500;1;188.25
PVC klizna spojka fi 75;1;246.78
LG prelaz fi 75;1;730
Prelazna guma fi 75;2;101
Pocinkovana cev fi 2;5.5;1200
Pocinkovani holender fi 2;1;827.3
Klizna spojnica fi 2;2;3716
Pocinkovani dupli nipl fi 2;1;270.9
Pocinkovana cev fi 1;4;619
Pocinkovani holender fi 1;1;261.7
Pocinkovani dupli nipl fi 1;1;83.4
Pocinkovana cev fi 1;1;619
Kugla ventil fi 1;1;918.8
Pocinkovani dupli nipl fi 1;1;83.4
Klizna spojnica fi 1;1;964
Pocinkovana cev fi 1;1;619
Kugla ventil fi 1;1;918.8
Pocinkovani dupli nipl fi 1;1;83.4
Klizna spojnica fi 1;1;964
Pocinkovani T-komad fi 5/4;1;252
Pocinkovana redukcija 5/4-1;2;129.9
Pocinkovani dupli nipl fi 1;3;83.4
Kugla ventil fi 1;2;918.8
Pocinkovano koleno fi 1;1;129.9
Pocinkovana redukcija 1-3/4;1;73.7
Pocinkovana cev fi 3/4;0.5;465
Pocinkovana cev fi 5/4;1;907
Klizna spojnica fi 3/4;1;634
Pocinkovani holender fi 5/4;0;405.1
Klizna spojnica fi 5/4;1;1588
Kugla ventil fi 5/4;0;1488.8
Pocinkovani dupli nipl fi 5/4;0;120.2
Pocinkovana cev fi 6/4;8;1094
Pocinkovano koleno fi 6/4;2;298.5
Pocinkovani muf fi 6/4;6;178.3
Klizna spojnica fi 6/4;1;2650
Kugla ventil fi 6/4;2;2212.3
Pocinkovani dupli nipl fi 6/4;4;184.2
Klizna spojnica fi 6/4;2;2650
Pocinkovana cev fi 6/4;3.5;1094
Prelazna guma fi 75;1;101
PVC redukcija fi 75/50;1;98.81
PVC cev fi 50/250;2;74.03
PVC luk fi 50/45;2;51.25
Kugla ventil fi 1;3;918.8
Klizna spojnica fi 1;3;964
Pocinkovani dupli nipl fi 1;3;83.4
Kugla ventil fi 5/4;1;1488.8
Klizna spojnica fi 5/4;1;1588
Pocinkovani dupli nipl fi 5/4;1;120.2
PVC revizija fi 160;1;1629
PVC cev fi 160/2000;1;1710
PVC cev fi 160/1000;1;879.43
PVC cev fi 160/500;1;527.62
PVC cev fi 160/250;2;317.27
PVC luk fi 160/90;2;760.33
PVC redukcija fi 200/160;1;896.87
PVC redukcija fi 250/200;1;4210
Prelazna guma fi 160;2;180
Sikafleks;2;961.54
Rezna ploča 230 mm;1;290
LG prelaz fi 160;1;2220
Prelazna guma fi 160;1;180
PVC cev fi 160/250;1;317.27
PVC cev fi 160/2000;1;1710
PVC klizna spojka fi 160;1;489.36
Kalijev sapun (kutija od 0,75 kg);1;342
Pocinkovano koleno fi 5/4;0;193.8
Pocinkovana cev fi 5/4;0;907
Pocinkovani dupli nipl fi 5/4;0;120.2
Pocinkovani holender fi 5/4;0;405.1
Klizna spojnica fi 5/4;0;1588
Pocinkovani muf fi 5/4;0;145.4
Kugla ventil fi 2 1/2;1;6132
Kugla ventil fi 2;0;2715
Kugla ventil fi 6/4;1;2212.3
Pocinkovani holender fi 2 1/2;0;1427.4
Pocinkovani holender fi 2;1;827.3
Pocinkovani holender fi 6/4;0;536.9
Pocinkovani dupli nipl fi 2 1/2;1;452.2
Pocinkovani dupli nipl fi 2;0;270.9
Pocinkovani dupli nipl fi 6/4;2;184.2
Pocinkovana cev fi 2 1/2;6;1335
Pocinkovana cev fi 6/4;6;1094
Pocinkovani muf fi 2 1/2;2;521
Pocinkovani muf fi 6/4;0;178.3
PP poluspojka fi 63;0;2372
LG prelaz fi 110;1;1485
Prelazna guma fi 110;2;113
PVC cev fi 110/1000;2;395.28
PVC cev fi 110/250;1;133.87
PVC klizna spojka fi 110;1;281.89
Sikafleks;1;961.54
Rezna ploča 125 mm;2;123.2
Pocinkovana cev fi 5/4;1;907
Pocinkovani dupli nipl fi 5/4;4;120.2
Kugla ventil fi 5/4;2;1488.8
Klizna spojnica fi 5/4;1;1588
Pocinkovana redukcija 6/4-5/4;1;151.2
Kugla ventil fi 6/4;1;2212.3
Pocinkovani dupli nipl fi 6/4;1;184.2
Pocinkovana redukcija 2-6/4;0;222.4
PVC cev fi 110/2000;2;790.36
PVC cev fi 110/1000;2;395.28
PVC cev fi 110/500;2;225.99
PVC cev fi 110/250;1;133.87
Prelazna guma fi 110;1;113
PVC luk fi 110/45;2;191.81
PVC revizija fi 110;1;329.03
Sikafleks;1;961.54
Rezna ploča 125 mm;2;123.2
Pocinkovana cev fi 5/4;1;907
Kugla ventil fi 5/4;1;1488.8
Pocinkovani holender fi 5/4;1;405.1
Rezna ploča 125 mm;2;123.2
PVC cev fi 160/2000;4;1710
PVC cev fi 160/1000;1;879.43
PVC cev fi 160/500;0;527.62
PVC cev fi 160/250;0;317.27
LG prelaz fi 160;0;2220
Prelazna guma fi 160;1;180
PVC luk fi 160/90;0;760.33
PVC klizna spojka fi 160;0;489.36
Pocinkovana cev fi 1;1.5;619
Klizna spojnica fi 1;1;964
Pocinkovani muf fi 5/4;1;145.4
Pocinkovana cev fi 5/4;3;907
Pocinkovani holender fi 5/4;1;405.1
Pocinkovano koleno fi 5/4;1;193.8
Pocinkovani dupli nipl fi 5/4;2;120.2
Kugla ventil fi 5/4;1;1488.8
PVC cev fi 125/2000;2;1040.36
PVC cev fi 125/500;1;284.93
PVC klizna spojka fi 125;1;493.57
PVC luk fi 125/90;1;307.68
Keramički prelaz fi 125;1;2520
PVC cev fi 110/2000;1;790.36
PVC klizna spojka fi 110;1;281.89
Prelazna guma fi 110;2;113
LG prelaz fi 110;2;1485
Sikafleks;1;961.54
PVC cev fi 125/1000;4;535.01
PVC cev fi 125/500;2;284.93
PVC cev fi 125/250;1;173.69
PVC klizna spojka fi 125;1;493.57
LG prelaz fi 125;1;1595
Prelazna guma fi 125;2;170
PVC cev fi 110/1000;2;395.28
PVC cev fi 110/500;2;225.99
PVC cev fi 110/250;2;133.87
PVC luk fi 110/45;4;191.81
PVC luk fi 110/90;2;191.81
PVC revizija fi 110;1;329.03
Prelazna guma fi 110;2;113
LG prelaz fi 110;1;1485
PVC klizna spojka fi 110;1;281.89
LG prelaz fi 160;1;2220
Prelazna guma fi 160;2;180
PVC cev fi 160/1000;1;879.43
PVC cev fi 160/250;1;317.27
PVC klizna spojka fi 160;1;489.36
Sikafleks;1;961.54
Kugla ventil fi 2;1;2715
Pocinkovani T-komad fi 2;1;521
Pocinkovani dupli nipl fi 2;4;270.9
Pocinkovani muf fi 2;2;295.9
Pocinkovani holender fi 2;2;827.3
Klizna spojnica fi 2;1;3716
Pocinkovana cev fi 2;1;1200
Pocinkovano koleno fi 2;1;416.8
Rezna ploča 230 mm;1;290
Rezna ploča 125 mm;1;123.2
Kalijev sapun (kutija od 0,75 kg);1;342
Virbla za propusni ventil fi 1/2;2;374
Pocinkovana cev fi 3/4;3;465
Klizna spojnica fi 3/4;1;634
Pocinkovani dupli nipl fi 3/4;1;58.6
Pocinkovani muf fi 3/4;1;56.2
Kugla ventil fi 5/4;1;1488.8
Pocinkovano koleno fi 5/4;1;193.8
Pocinkovani dupli nipl fi 5/4;2;120.2
Pocinkovani holender fi 5/4;1;405.1
PVC cev fi 110/2000;0;790.36
PVC cev fi 110/1000;0;395.28
PVC cev fi 110/500;0;225.99
PVC cev fi 110/250;0;133.87
Prelazna guma fi 110;1;113
PVC luk fi 110/45;2;191.81
PVC revizija fi 110;1;329.03
Sikafleks;1;961.54
Rezna ploča 125 mm;2;123.2
Kugla ventil fi 5/4;1;1488.8
Pocinkovana cev fi 5/4;1;907
Pocinkovani holender fi 5/4;1;405.1
Rezna ploča 125 mm;2;123.2
Kugla ventil fi 6/4;1;2212.3
Klizna spojnica fi 6/4;1;2650
Pocinkovani dupli nipl fi 6/4;2;184.2
Rezna ploča 125 mm;2;123.2
Kudelja - 100 gr;1;145
Prelazna guma fi 160;1;180
PVC kosa  račva-T fi 160/110;1;884.34
PVC revizija fi 160;1;1629
PVC revizija fi 110;1;329.03
PVC redukcija fi 160/110;1;391.77
LG prelaz fi 110;2;1485
Prelazna guma fi 110;2;113
PVC cev fi 110/1000;2;395.28
PVC cev fi 110/500;1;225.99
PVC cev fi 110/250;2;133.87
PVC klizna spojka fi 110;2;281.89
PVC luk fi 110/45;1;191.81
PVC kosa  račva-T fi 110/110;1;349.21
PVC račva-T fi 110/110;1;349.21
HL prelaz fi 110;2;3979
Prelazna guma fi 110;1;113
PVC klizna spojka fi 110;2;281.89
PVC cev fi 110/1000;2;395.28
PVC cev fi 110/500;1;225.99
PVC luk fi 110/45;2;191.81
Klizna spojnica fi 2 1/2;1;4402
Pocinkovana cev fi 2;1.5;1200
Pocinkovani holender fi 2;1;827.3
Pocinkovano koleno fi 2;1;416.8
Pocinkovani dupli nipl fi 2;1;270.9
Pocinkovano koleno fi 5/4;1;193.8
Kugla ventil fi 5/4;1;1488.8
Pocinkovani dupli nipl fi 5/4;1;120.2
Klizna spojnica fi 5/4;1;1588
Pocinkovana cev fi 5/4;0.5;907
Pocinkovani dupli nipl fi 6/4;2;184.2
Klizna spojnica fi 6/4;1;2650
Pocinkovana cev fi 6/4;0.5;1094
Kugla ventil fi 6/4;1;2212.3
PVC redukcija fi 200/160;1;896.87
PVC luk fi 160/90;2;760.33
PVC cev fi 160/250;1;317.27
PVC cev fi 160/500;1;527.62
PVC cev fi 160/2000;7;1710
PVC cev fi 160/1000;2;879.43
PVC cev fi 160/500;2;527.62
PVC cev fi 160/250;2;317.27
PVC klizna spojka fi 160;1;489.36
PVC kosa  račva-T fi 160/110;1;884.34
PVC luk fi 110/45;3;191.81
PVC luk fi 110/90;1;191.81
PVC cev fi 110/500;1;225.99
PVC cev fi 110/250;2;133.87
Gajger slivnik fi 110;1;0
PVC cev fi 75/1000;3;310.85
PVC cev fi 75/500;1;188.25
PVC klizna spojka fi 75;1;246.78
LG prelaz fi 110;1;1485
Prelazna guma fi 110;2;113
Sikafleks;1;961.54
PVC cev fi 110/2000;1;790.36
PVC cev fi 110/1000;2;395.28
PVC cev fi 110/250;1;133.87
PVC revizija fi 110;1;329.03
PVC luk fi 110/45;2;191.81
PVC kosa  račva-T fi 125/110;1;456.03
Prelazna guma fi 125;1;170
PVC redukcija fi 125/110;1;221.52
PVC redukcija fi 160/110;1;391.77
Prelazna guma fi 110;2;113
PVC cev fi 110/500;3;225.99
PVC cev fi 110/250;3;133.87
PVC revizija fi 110;2;329.03
Pocinkovana cev fi 2 1/2;4;1335
Pocinkovano koleno fi 2 1/2;4;731.4
Pocinkovani dupli nipl fi 2 1/2;4;452.2
Pocinkovani holender fi 2 1/2;2;1427.4
Map gas;1;688
Kudelja - 100 gr;4;145
Rezna ploča 230 mm;3;290
PP poluspojka fi 75;2;0
LG prelaz fi 110;1;1485
Prelazna guma fi 110;1;113
PVC klizna spojka fi 110;1;281.89
PVC cev fi 110/2000;2;790.36
Sikafleks;1;961.54
